--
-- Script was generated by Devart dbForge Studio for MySQL, Version 7.3.148.0
-- Product Home Page: http://www.devart.com/dbforge/mysql/studio
-- Script date 2018-03-25 16:55:02
--



SET NAMES 'utf8';
USE `world_content`;

--
-- Disabling DML triggers for abilities
--
DROP TRIGGER IF EXISTS abilities_trigger;

--
-- Disabling DML triggers for arena_teams
--
DROP TRIGGER IF EXISTS arena_teams_trigger;

--
-- Disabling DML triggers for arena_templates
--
DROP TRIGGER IF EXISTS arena_templates_trigger;

--
-- Disabling DML triggers for build_object_stage
--
DROP TRIGGER IF EXISTS build_object_stage_trigger;

--
-- Disabling DML triggers for build_object_template
--
DROP TRIGGER IF EXISTS build_object_template_trigger;

--
-- Disabling DML triggers for character_create_items
--
DROP TRIGGER IF EXISTS character_create_items_trigger;

--
-- Disabling DML triggers for character_create_skills
--
DROP TRIGGER IF EXISTS character_create_skills_trigger;

--
-- Disabling DML triggers for character_create_stats
--
DROP TRIGGER IF EXISTS character_create_stats_trigger;

--
-- Disabling DML triggers for character_create_template
--
DROP TRIGGER IF EXISTS character_create_template_trigger;

--
-- Disabling DML triggers for coordinated_effects
--
DROP TRIGGER IF EXISTS coordinated_effects_trigger;

--
-- Disabling DML triggers for crafting_recipes
--
DROP TRIGGER IF EXISTS crafting_recipes_trigger;

--
-- Disabling DML triggers for currencies
--
DROP TRIGGER IF EXISTS currencies_trigger;

--
-- Disabling DML triggers for effects
--
DROP TRIGGER IF EXISTS effects_trigger;

--
-- Disabling DML triggers for factions
--
DROP TRIGGER IF EXISTS factions_trigger;

--
-- Disabling DML triggers for faction_stances
--
DROP TRIGGER IF EXISTS faction_stances_trigger;

--
-- Disabling DML triggers for game_setting
--
DROP TRIGGER IF EXISTS game_setting_trigger;

--
-- Disabling DML triggers for graveyard
--
DROP TRIGGER IF EXISTS graveyard_trigger;

--
-- Disabling DML triggers for interactive_object
--
DROP TRIGGER IF EXISTS interactive_object_trigger;

--
-- Disabling DML triggers for item_templates
--
DROP TRIGGER IF EXISTS item_templates_trigger;

--
-- Disabling DML triggers for item_templates_options
--
DROP TRIGGER IF EXISTS item_templates_options_trigger;

--
-- Disabling DML triggers for loot_tables
--
DROP TRIGGER IF EXISTS loot_tables_trigger;

--
-- Disabling DML triggers for merchant_item
--
DROP TRIGGER IF EXISTS merchant_item_trigger;

--
-- Disabling DML triggers for merchant_tables
--
DROP TRIGGER IF EXISTS merchant_tables_trigger;

--
-- Disabling DML triggers for mob_loot
--
DROP TRIGGER IF EXISTS mob_loot_trigger;

--
-- Disabling DML triggers for mob_stat
--
DROP TRIGGER IF EXISTS mob_stat_trigger;

--
-- Disabling DML triggers for mob_templates
--
DROP TRIGGER IF EXISTS mob_templates_trigger;

--
-- Disabling DML triggers for quests
--
DROP TRIGGER IF EXISTS quests_trigger;

--
-- Disabling DML triggers for quest_objectives
--
DROP TRIGGER IF EXISTS quest_objectives_trigger;

--
-- Disabling DML triggers for resource_drop
--
DROP TRIGGER IF EXISTS resource_drop_trigger;

--
-- Disabling DML triggers for resource_node_template
--
DROP TRIGGER IF EXISTS resource_node_template_trigger;

--
-- Disabling DML triggers for skills
--
DROP TRIGGER IF EXISTS skills_trigger;

--
-- Disabling DML triggers for skill_ability_gain
--
DROP TRIGGER IF EXISTS skill_ability_gain_trigger;

--
-- Disabling DML triggers for spawn_data
--
DROP TRIGGER IF EXISTS spawn_data_trigger;

--
-- Disabling DML triggers for stat
--
DROP TRIGGER IF EXISTS stat_trigger;

--
-- Disabling DML triggers for task
--
DROP TRIGGER IF EXISTS task_trigger;
--
-- -- Disable foreign keys
--
/*!40014 SET @OLD_FOREIGN_KEY_CHECKS=@@FOREIGN_KEY_CHECKS, FOREIGN_KEY_CHECKS=0 */;

--
-- Dropping constraints from survivalarenatemplates
--
ALTER TABLE survivalarenatemplates DROP FOREIGN KEY survivalArenaTemplates_ibfk_1;

--
-- Deleting data from table abilities
--
DELETE FROM abilities WHERE id IN(1, 2, 4, 90187, 90188);

--
-- Inserting data into table abilities
--
INSERT INTO abilities(id, name, icon, abilityType, skill, passive, activationCost, activationCostType, activationLength, activationAnimation, activationParticles, casterEffectRequired, casterEffectConsumed, targetEffectRequired, targetEffectConsumed, weaponRequired, reagentRequired, reagentCount, reagentConsumed, reagent2Required, reagent2Count, reagent2Consumed, reagent3Required, reagent3Count, reagent3Consumed, ammoUsed, maxRange, minRange, aoeRadius, aoeType, reqTarget, reqFacingTarget, autoRotateToTarget, relativePositionReq, targetType, targetState, speciesTargetReq, specificTargetReq, globalCooldown, cooldown1Type, cooldown1Duration, weaponCooldown, startCooldownsOnActivation, activationEffect1, activationTarget1, activationEffect2, activationTarget2, activationEffect3, activationTarget3, coordEffect1event, coordEffect1, coordEffect2event, coordEffect2, tooltip, interceptType, isactive, creationtimestamp, updatetimestamp, chance) VALUES
(23, 'Magic Arrow', 'Assets/OtherPackages/Tazo_2D/Icon/S_Green_invade.png', 'CombatMeleeAbility', 3, 0, 10, 'mana', 0, '', '', 0, 0, 0, 0, 'Bow', 0, 1, 0, 0, 1, 1, 0, 1, 1, 0, 20, 0, 1, 'None', 1, 0, 0, 0, 'Enemy', 1, '~ none ~', '', 1, 'MagicArrow', 2, 0, 1, 22, 'target', 90089, 'target', 0, 'target', 'activating', 'Magic Arrow Aim CEffect', 'completed', 'Magic Arrow CEffect', 'MagicArrowAbilitieDescription', NULL, 1, '0000-00-00 00:00:00', '2018-03-06 23:51:34', 1),
(29, 'Stun Arrow', 'Assets/OtherPackages/Tazo_2D/Icon/S_elegent_beat.png', 'CombatMeleeAbility', 3, 0, 92, 'mana', 0, '', '', 0, 0, 0, 0, 'Bow', 0, 1, 0, 0, 1, 1, 0, 1, 1, 0, 20, 0, 1, 'None', 1, 0, 0, 0, 'Enemy', 1, '~ none ~', '', 1, 'StunningAttow', 60, 0, 1, 28, 'target', 29, 'target', 90089, 'target', 'activating', 'Stuning Arrow Aim CEffect', 'completed', 'Stunning Arrow CEffect', 'StunArrowAbilitiesDescription', NULL, 1, '0000-00-00 00:00:00', '2018-03-06 23:51:52', 1),
(38, 'Spinning Sword', 'Assets/OtherPackages/Tazo_2D/Icon/S_X_chop.png', 'CombatMeleeAbility', 4, 0, 30, 'mana', 0, '', '', 0, 0, 0, 0, 'Greatsword', 0, 1, 0, 0, 1, 1, 0, 1, 1, 0, 15, 0, 1, 'None', 1, 0, 1, 0, 'Enemy', 1, '~ none ~', '', 1, 'SpinningSword', 5, 0, 1, 39, 'target', 90080, 'target', 0, 'target', 'completed', 'Deadly Cut CEffect', 'completed', '~ none ~', 'SpinningSwordAbiitiesDescriptions', NULL, 1, '0000-00-00 00:00:00', '2018-03-06 23:52:24', 1),
(43, 'Critical Charge', 'Assets/OtherPackages/Tazo_2D/Icon/S_Forward_steel_attack.png', 'CombatMeleeAbility', 4, 0, 84, 'mana', 0, '', '', 0, 0, 0, 0, 'Greatsword', 0, 1, 0, 0, 1, 1, 0, 1, 1, 0, 4, 0, 1, 'None', 1, 0, 1, 0, 'Enemy', 1, '~ none ~', '', 1, 'CriticalCharge', 16, 0, 1, 40, 'target', 90082, 'target', 90091, 'target', 'completed', 'Critical Charge CEffect', 'completed', '~ none ~', 'CriticalChargeAbilitiesDescription', NULL, 1, '0000-00-00 00:00:00', '2018-03-06 23:52:36', 1),
(53, 'Magic Bolt', 'Assets/OtherPackages/Tazo_2D/Icon/S_Combo_knock.png', 'MagicalAttackAbility', 5, 0, 15, 'mana', 0, '', '', 0, 0, 0, 0, 'Staff', 0, 1, 0, 0, 1, 1, 0, 1, 1, 0, 20, 0, 1, 'None', 1, 0, 1, 0, 'Enemy', 1, '~ none ~', '', 1, 'MagicBolt', 2, 0, 1, 56, 'target', 90089, 'target', 0, 'target', 'activating', '~ none ~', 'completed', 'Magic Bolt CEffect', 'MagicBoltAbilitieDescription', NULL, 1, '0000-00-00 00:00:00', '2018-03-06 23:52:52', 1),
(66, 'Sleeping Bolt', 'Assets/OtherPackages/Tazo_2D/Icon/S_somewhat.png', 'EffectAbility', 5, 0, 144, 'mana', 0, '', '', 0, 0, 0, 0, 'Staff', 0, 1, 0, 0, 1, 1, 0, 1, 1, 0, 25, 0, 1, 'None', 1, 0, 0, 0, 'Enemy', 1, '~ none ~', '', 1, 'SleepBolt', 36, 0, 1, 70, 'target', 90089, 'target', 0, 'target', 'completed', 'Sleep Bolt CEffect', 'completed', '~ none ~', 'SleepingBoltAbilitieDescription', NULL, 1, '0000-00-00 00:00:00', '2018-03-06 23:53:49', 1),
(10000, 'MobBomberBug02MDSTAbility', '', 'CombatMeleeAbility', 0, 0, 0, 'health', 0, '', '', 0, 0, 0, 0, '~ none ~', 0, 1, 0, -1, 1, 1, -1, 1, 1, 0, 10, 0, 1, 'None', 1, 0, 1, 0, 'Enemy', 1, '~ none ~', '', 1, '', 15, 0, 0, 10000, 'target', 0, 'target', 0, 'target', 'activating', 'MobAttack02', 'completed', '~ none ~', 'MobBomberBug02MDSTAbility', NULL, 1, '0000-00-00 00:00:00', '0000-00-00 00:00:00', 0),
(10001, 'MobBomberBug03MAOECAbility', '', 'CombatMeleeAbility', 0, 0, 0, 'health', 0, '', '', 0, 0, 0, 0, '~ none ~', 0, 1, 0, -1, 1, 1, -1, 1, 1, 0, 10, 0, 1, 'None', 1, 0, 1, 0, 'Enemy', 1, '~ none ~', '', 1, '', 5, 0, 0, 10001, 'target', 0, 'target', 0, 'target', 'activating', 'MobAttack03', 'completed', '~ none ~', 'MobBomberBug03MAOECAbility', NULL, 1, '0000-00-00 00:00:00', '0000-00-00 00:00:00', 0),
(10002, 'MobBomberBug01MDSTAbility', '', 'CombatMeleeAbility', 0, 0, 0, 'health', 0, '', '', 0, 0, 0, 0, '~ none ~', 0, 1, 0, 0, 1, 1, 0, 1, 1, 0, 10, 0, 1, 'None', 1, 0, 1, 0, 'Enemy', 1, '~ none ~', '', 1, '', 5, 0, 0, 10002, 'target', 0, 'target', 0, 'target', 'activating', 'MobAttack01', 'completed', '~ none ~', 'MobBomberBug01MDSTAbility', NULL, 1, '0000-00-00 00:00:00', '2018-03-22 21:10:56', 1),
(220002, 'Metalsmithing Skillbook', 'Assets/OtherPackages/RPG_inventory_icons/book.PNG', 'FriendlyEffectAbility', 0, 0, 0, 'health', 0, '', '', 0, 0, 0, 0, '~ none ~', 501201, 1, 1, 0, 1, 0, 0, 1, 0, 0, 4, 0, 1, 'None', 1, 0, 0, 0, 'Self', 1, '~ none ~', '', 1, 'Book', 2, 0, 1, 220002, 'caster', 0, 'target', 0, 'target', 'completed', '~ none ~', 'completed', '~ none ~', '', NULL, 1, '0000-00-00 00:00:00', '2018-03-15 13:33:04', 1),
(220003, 'Woodworking Skillbook', 'Assets/OtherPackages/RPG_inventory_icons/book.PNG', 'FriendlyEffectAbility', 0, 0, 0, 'health', 0, '', '', 0, 0, 0, 0, '~ none ~', 501202, 1, 1, 0, 1, 0, 0, 1, 0, 0, 4, 0, 1, 'None', 1, 0, 0, 0, 'Self', 1, '~ none ~', '', 1, 'Book', 2, 0, 1, 220003, 'caster', 0, 'target', 0, 'target', 'completed', '~ none ~', 'completed', '~ none ~', '', NULL, 1, '0000-00-00 00:00:00', '2018-03-15 13:33:57', 1),
(220004, 'Tailoring Skillbook', 'Assets/OtherPackages/RPG_inventory_icons/book.PNG', 'FriendlyEffectAbility', 0, 0, 0, 'health', 0, '', '', 0, 0, 0, 0, '~ none ~', 501203, 1, 1, 0, 1, 0, 0, 1, 0, 0, 4, 0, 1, 'None', 1, 0, 0, 0, 'Self', 1, '~ none ~', '', 1, 'Book', 2, 0, 1, 220004, 'caster', 0, 'target', 0, 'target', 'completed', '~ none ~', 'completed', '~ none ~', '', NULL, 1, '0000-00-00 00:00:00', '2018-03-15 13:33:50', 1),
(220005, 'Alchemy Skillbook', 'Assets/OtherPackages/RPG_inventory_icons/book.PNG', 'FriendlyEffectAbility', 0, 0, 0, 'health', 0, '', '', 0, 0, 0, 0, '~ none ~', 501204, 1, 1, 0, 1, 0, 0, 1, 0, 0, 4, 0, 1, 'None', 1, 0, 0, 0, 'Self', 1, '~ none ~', '', 1, 'Book', 2, 0, 1, 220005, 'caster', 0, 'target', 0, 'target', 'completed', '~ none ~', 'completed', '~ none ~', '', NULL, 1, '0000-00-00 00:00:00', '2018-03-15 13:34:06', 1),
(220006, 'Jeweling Skillbook', 'Assets/OtherPackages/RPG_inventory_icons/book.PNG', 'FriendlyEffectAbility', 0, 0, 0, 'health', 0, '', '', 0, 0, 0, 0, '~ none ~', 501205, 1, 1, 0, 1, 0, 0, 1, 0, 0, 4, 0, 1, 'None', 1, 0, 0, 0, 'Self', 1, '~ none ~', '', 1, 'Book', 2, 0, 1, 220006, 'caster', 0, 'target', 0, 'target', 'completed', '~ none ~', 'completed', '~ none ~', '', NULL, 1, '0000-00-00 00:00:00', '2018-03-15 13:34:17', 1),
(220007, 'Cooking Skillbook', 'Assets/OtherPackages/RPG_inventory_icons/book.PNG', 'FriendlyEffectAbility', 0, 0, 0, 'health', 0, '', '', 0, 0, 0, 0, '~ none ~', 501206, 1, 1, 0, 1, 0, 0, 1, 0, 0, 4, 0, 1, 'None', 1, 0, 0, 0, 'Self', 1, '~ none ~', '', 1, 'Book', 2, 0, 1, 220007, 'caster', 0, 'target', 0, 'target', 'completed', '~ none ~', 'completed', '~ none ~', '', NULL, 1, '0000-00-00 00:00:00', '2018-03-15 13:34:27', 1),
(220008, 'Summon Bomber Bug Pet', 'Assets/OtherPackages/Icons/BomberBug06.png', 'FriendlyEffectAbility', 0, 0, 0, 'health', 2, '', '', 0, 0, 0, 0, '~ none ~', 0, 1, 0, 0, 1, 0, 0, 1, 0, 0, 4, 0, 1, 'None', 0, 0, 0, 0, 'Self', 1, '~ none ~', '', 1, 'Pet', 1, 0, 1, 90139, 'caster', 0, 'target', 0, 'target', 'completed', '~ none ~', 'completed', '~ none ~', '', NULL, 1, '0000-00-00 00:00:00', '2018-03-21 22:07:37', 1),
(220009, 'Bag of Goods', 'Assets/OtherPackages/Icons/Bag_02.png', 'FriendlyEffectAbility', 0, 0, 0, 'health', 0, '', '', 0, 0, 0, 0, '~ none ~', 501208, 1, 1, 0, 1, 0, 0, 1, 0, 0, 4, 0, 1, 'None', 0, 0, 0, 0, '~ none ~', 1, '~ none ~', '', 1, '', 0, 0, 0, 220009, 'caster', 0, 'target', 0, 'target', 'completed', '~ none ~', 'completed', '~ none ~', '', NULL, 1, '0000-00-00 00:00:00', '2018-03-20 13:07:31', 1),
(220010, 'Health Potion', 'Assets/OtherPackages/RPG_inventory_icons/hp.png', 'FriendlyEffectAbility', 0, 0, 0, 'health', 0, '', '', 0, 0, 0, 0, '~ none ~', 501209, 1, 1, 0, 1, 0, 0, 1, 0, 0, 4, 0, 1, 'None', 1, 0, 0, 0, 'Self', 1, '~ none ~', '', 1, 'Potion', 10, 0, 1, 220010, 'caster', 0, 'target', 0, 'target', 'completed', '~ none ~', 'completed', '~ none ~', '', NULL, 1, '0000-00-00 00:00:00', '2018-03-21 13:51:50', 1),
(220011, 'Mana Potion', 'Assets/OtherPackages/Icons/bottle.PNG', 'FriendlyEffectAbility', 0, 0, 0, 'health', 0, '', '', 0, 0, 0, 0, '~ none ~', 501210, 1, 1, 0, 1, 0, 0, 1, 0, 0, 4, 0, 1, 'None', 1, 0, 0, 0, 'Self', 1, '~ none ~', '', 1, 'Potion', 10, 0, 1, 220011, 'caster', 0, 'target', 0, 'target', 'completed', '~ none ~', 'completed', '~ none ~', '', NULL, 1, '0000-00-00 00:00:00', '2018-03-21 13:52:22', 1),
(220012, 'Weight Slow Ability', 'Assets/OtherPackages/Tazo_2D/Icon/S_stone_emerge.png', 'FriendlyEffectAbility', 0, 0, 0, 'health', 0, '', '', 0, 0, 0, 0, '~ none ~', 0, 1, 0, 0, 1, 0, 0, 1, 0, 0, 4, 0, 1, 'None', 0, 0, 0, 0, 'Self', 1, '~ none ~', '', 1, '', 0, 0, 0, 0, 'target', 0, 'target', 0, 'target', 'completed', '~ none ~', 'completed', '~ none ~', '', NULL, 0, '0000-00-00 00:00:00', '2018-03-21 23:31:05', 1),
(220013, 'Summon Bomber Bug Pet Non Combat', 'Assets/OtherPackages/Icons/BomberBug06.png', 'FriendlyEffectAbility', 0, 0, 0, 'health', 2, '', '', 0, 0, 0, 0, '~ none ~', 0, 1, 0, 0, 1, 0, 0, 1, 0, 0, 4, 0, 1, 'None', 0, 0, 0, 0, 'Self', 1, '~ none ~', '', 1, 'Pet', 1, 0, 1, 220013, 'caster', 0, 'target', 0, 'target', 'completed', '~ none ~', 'completed', '~ none ~', '', NULL, 1, '0000-00-00 00:00:00', '2018-03-22 20:02:15', 1);

--
-- Updating data of table arena_teams
--
UPDATE arena_teams SET goal = 30, spawnX = -75.62, spawnY = 62.892, spawnZ = -72.33, updatetimestamp = '2018-03-24 11:16:27' WHERE id = 3;
UPDATE arena_teams SET goal = 30, spawnX = -43.8171, spawnY = 64.65, spawnZ = -82.0233, updatetimestamp = '2018-03-24 11:16:27' WHERE id = 4;
UPDATE arena_teams SET goal = 5, spawnX = -75.62, spawnY = 62.892, spawnZ = -72.33, updatetimestamp = '2018-03-24 11:16:02' WHERE id = 15;
UPDATE arena_teams SET goal = 5, spawnX = -43.8171, spawnY = 64.65, spawnZ = -82.0233, updatetimestamp = '2018-03-24 11:16:02' WHERE id = 16;

--
-- Inserting data into table arena_teams
--
INSERT INTO arena_teams(id, arenaID, name, size, race, goal, spawnX, spawnY, spawnZ, isactive, creationtimestamp, updatetimestamp) VALUES
(17, 11, 'TeamA', 1, '0', 5, -75.62, 62.892, -72.33, 1, '0000-00-00 00:00:00', '2018-03-24 11:13:22'),
(18, 11, 'TeamB', 1, '0', 5, -43.8171, 64.65, -82.0233, 1, '0000-00-00 00:00:00', '2018-03-24 11:13:22'),
(19, 12, 'TeamA', 2, '0', 30, -75.62, 62.892, -72.33, 1, '0000-00-00 00:00:00', '2018-03-24 11:13:35'),
(20, 12, 'TeamB', 2, '0', 30, -43.8171, 64.65, -82.0233, 1, '0000-00-00 00:00:00', '2018-03-24 11:13:35');

--
-- Updating data of table arena_templates
--
UPDATE arena_templates SET arenaInstanceID = 42, levelReq = 10, defeatCurrency = 2, defeatPayment = 2, victoryExp = 5000, updatetimestamp = '2018-03-24 11:16:27', description = 'Compete other players in 2vs2 Arena and gain significant amount of currency and experience.\nVictory condition: 30 kills for any of sides. Time limits 5 minutes.' WHERE id = 2;
UPDATE arena_templates SET arenaInstanceID = 41, length = 180, levelReq = 5, levelMax = 10, start_hour = 9, end_hour = 9, updatetimestamp = '2018-03-24 11:16:02', description = 'Compete other players in 1vs1 Arena and gain significant amount of currency and experience.\nVictory condition: 5 kills for any of sides. Time limit 3 minutes.' WHERE id = 10;

--
-- Inserting data into table arena_templates
--
INSERT INTO arena_templates(id, arenaType, name, arenaCategory, arenaInstanceID, length, defaultWinner, team1, team2, team3, team4, levelReq, levelMax, victoryCurrency, victoryPayment, defeatCurrency, defeatPayment, victoryExp, defeatExp, isactive, start_hour, start_minute, end_hour, end_minute, creationtimestamp, updatetimestamp, description) VALUES
(11, 1, 'Arena 1v1', 1, 41, 180, 1, 17, 18, -1, -1, 1, 99, 1, 1, 2, 1, 10000, 1000, 1, 0, 0, 23, 59, '0000-00-00 00:00:00', '2018-03-24 11:13:22', 'Compete other players in 1vs1 Arena and gain significant amount of currency and experience.\nVictory condition: 5 kills for any of sides. Time limit 3 minutes.'),
(12, 1, 'Arena 2v2', 1, 42, 300, 1, 19, 20, -1, -1, 1, 99, 1, 10, 2, 5, 10000, 1000, 1, 0, 0, 23, 59, '0000-00-00 00:00:00', '2018-03-24 11:13:35', 'Compete other players in 2vs2 Arena and gain significant amount of currency and experience.\nVictory condition: 30 kills for any of sides. Time limits 5 minutes.');

--
-- Inserting data into table build_object_stage
--
INSERT INTO build_object_stage(id, gameObject, nextStage, buildTimeReq, itemReq1, itemReq1Count, itemReq2, itemReq2Count, itemReq3, itemReq3Count, itemReq4, itemReq4Count, itemReq5, itemReq5Count, itemReq6, itemReq6Count, isactive, creationtimestamp, updatetimestamp) VALUES
(3, 'Assets/Resources/Buildings/House/Stage2.prefab', -1, 10, 2, 15, 501188, 10, -1, 0, -1, 0, -1, 0, -1, 0, 1, '0000-00-00 00:00:00', '2018-03-20 21:23:03'),
(4, 'Assets/Resources/Buildings/House/Stage1.prefab', 3, 10, 501188, 10, -1, 0, -1, 0, -1, 0, -1, 0, -1, 0, 1, '0000-00-00 00:00:00', '2018-03-20 21:23:03'),
(5, 'Assets/Resources/Buildings/Trader/Trader.prefab', 6, 5, 2, 10, -1, 0, -1, 0, -1, 0, -1, 0, -1, 0, 1, '0000-00-00 00:00:00', '2018-03-24 12:55:31');

--
-- Inserting data into table build_object_template
--
INSERT INTO build_object_template(id, name, icon, category, skill, skillLevelReq, weaponReq, distanceReq, buildTaskReqPlayer, validClaimType, firstStageID, availableFromItemOnly, interactionType, interactionID, interactionData1, lockable, lockLimit, isactive, creationtimestamp, updatetimestamp) VALUES
(2, 'House Foundation', 'Assets/Dragonsan/Icons/Custom/HouseFinal.png', -1, -1, 0, '~ none ~', 20, 1, 1, 4, 0, 'Chest', 50, '', 0, 1, 1, '0000-00-00 00:00:00', '2018-03-20 21:23:03'),
(3, 'Tradehouse', 'Assets/Dragonsan/Icons/Custom/Tradehouse.png', -1, -1, 0, '~ none ~', 20, 1, 1, 5, 0, 'NPC', 171, '', 0, 1, 1, '0000-00-00 00:00:00', '2018-03-24 12:55:31');

--
-- Inserting data into table character_create_items
--
INSERT INTO character_create_items(id, character_create_id, item_id, count, equipped, isactive, creationtimestamp, updatetimestamp) VALUES
(8, 1, 501199, 1, 0, 1, '0000-00-00 00:00:00', '2018-03-20 12:34:10'),
(9, 2, 501199, 1, 0, 1, '0000-00-00 00:00:00', '2018-03-20 12:34:44'),
(10, 3, 501199, 1, 0, 1, '0000-00-00 00:00:00', '2018-03-20 12:35:21'),
(11, 1, 501207, 2, 0, 1, '0000-00-00 00:00:00', '2018-03-20 12:34:10'),
(12, 1, 501208, 5, 0, 1, '0000-00-00 00:00:00', '0000-00-00 00:00:00'),
(13, 2, 501207, 2, 0, 1, '0000-00-00 00:00:00', '0000-00-00 00:00:00'),
(14, 2, 501208, 5, 0, 1, '0000-00-00 00:00:00', '0000-00-00 00:00:00'),
(15, 2, 501184, 1, 0, 1, '0000-00-00 00:00:00', '0000-00-00 00:00:00'),
(16, 3, 501207, 2, 0, 1, '0000-00-00 00:00:00', '0000-00-00 00:00:00'),
(17, 3, 501208, 5, 0, 1, '0000-00-00 00:00:00', '0000-00-00 00:00:00'),
(18, 3, 501184, 1, 0, 1, '0000-00-00 00:00:00', '0000-00-00 00:00:00');

--
-- Updating data of table character_create_skills
--
UPDATE character_create_skills SET skill = 4, isactive = 0, updatetimestamp = '2018-03-03 16:19:02' WHERE id = 1;
UPDATE character_create_skills SET skill = 5, isactive = 0, updatetimestamp = '2018-03-03 16:19:10' WHERE id = 2;

--
-- Inserting data into table character_create_skills
--
INSERT INTO character_create_skills(id, character_create_id, skill, isactive, creationtimestamp, updatetimestamp) VALUES
(15, 2, 5, 1, '0000-00-00 00:00:00', '2018-03-20 12:34:44'),
(16, 1, 4, 1, '0000-00-00 00:00:00', '2018-03-20 12:34:10'),
(17, 3, 3, 1, '0000-00-00 00:00:00', '2018-03-20 12:35:21'),
(18, 3, 6, 0, '0000-00-00 00:00:00', '2018-03-15 14:59:59'),
(19, 3, 7, 0, '0000-00-00 00:00:00', '2018-03-15 14:59:59'),
(20, 3, 8, 0, '0000-00-00 00:00:00', '2018-03-15 14:59:59'),
(21, 3, 9, 0, '0000-00-00 00:00:00', '2018-03-15 14:59:59'),
(22, 3, 10, 0, '0000-00-00 00:00:00', '2018-03-15 14:59:59'),
(23, 3, 11, 0, '0000-00-00 00:00:00', '2018-03-15 14:59:59'),
(24, 3, 12, 0, '0000-00-00 00:00:00', '2018-03-15 14:59:59'),
(25, 3, 13, 0, '0000-00-00 00:00:00', '2018-03-15 14:59:59'),
(26, 3, 14, 0, '0000-00-00 00:00:00', '2018-03-15 14:59:59'),
(27, 2, 6, 0, '0000-00-00 00:00:00', '2018-03-15 15:00:17'),
(28, 2, 7, 0, '0000-00-00 00:00:00', '2018-03-15 15:00:17'),
(29, 2, 8, 0, '0000-00-00 00:00:00', '2018-03-15 15:00:17'),
(30, 2, 9, 0, '0000-00-00 00:00:00', '2018-03-15 15:00:17'),
(31, 2, 10, 0, '0000-00-00 00:00:00', '2018-03-15 15:00:17'),
(32, 2, 11, 0, '0000-00-00 00:00:00', '2018-03-15 15:00:17'),
(33, 2, 12, 0, '0000-00-00 00:00:00', '2018-03-15 15:00:17'),
(34, 2, 13, 0, '0000-00-00 00:00:00', '2018-03-15 15:00:17'),
(35, 2, 14, 0, '0000-00-00 00:00:00', '2018-03-15 15:00:17'),
(36, 1, 6, 0, '0000-00-00 00:00:00', '2018-03-15 14:57:42'),
(37, 1, 7, 0, '0000-00-00 00:00:00', '2018-03-15 14:57:42'),
(38, 1, 8, 0, '0000-00-00 00:00:00', '2018-03-15 14:57:42'),
(39, 1, 9, 0, '0000-00-00 00:00:00', '2018-03-15 14:57:42'),
(40, 1, 10, 0, '0000-00-00 00:00:00', '2018-03-15 14:57:42'),
(41, 1, 11, 0, '0000-00-00 00:00:00', '2018-03-15 14:57:42'),
(42, 1, 12, 0, '0000-00-00 00:00:00', '2018-03-15 14:57:42'),
(43, 1, 13, 0, '0000-00-00 00:00:00', '2018-03-15 14:57:42'),
(44, 1, 14, 0, '0000-00-00 00:00:00', '2018-03-15 14:57:42'),
(45, 3, 12, 1, '0000-00-00 00:00:00', '2018-03-20 12:35:21'),
(46, 3, 13, 1, '0000-00-00 00:00:00', '2018-03-20 12:35:21'),
(47, 3, 14, 1, '0000-00-00 00:00:00', '2018-03-20 12:35:21'),
(48, 2, 12, 1, '0000-00-00 00:00:00', '2018-03-20 12:34:44'),
(49, 2, 13, 1, '0000-00-00 00:00:00', '2018-03-20 12:34:44'),
(50, 2, 14, 1, '0000-00-00 00:00:00', '2018-03-20 12:34:44'),
(51, 1, 12, 1, '0000-00-00 00:00:00', '2018-03-20 12:34:10'),
(52, 1, 13, 1, '0000-00-00 00:00:00', '2018-03-20 12:34:10'),
(53, 1, 14, 1, '0000-00-00 00:00:00', '2018-03-20 12:34:10');

--
-- Updating data of table character_create_stats
--
UPDATE character_create_stats SET updatetimestamp = '2018-03-20 12:34:09' WHERE id = 1;
UPDATE character_create_stats SET updatetimestamp = '2018-03-20 12:34:09' WHERE id = 2;
UPDATE character_create_stats SET updatetimestamp = '2018-03-20 12:34:09' WHERE id = 3;
UPDATE character_create_stats SET updatetimestamp = '2018-03-20 12:34:09' WHERE id = 4;
UPDATE character_create_stats SET value = 2000, updatetimestamp = '2018-03-20 12:34:09' WHERE id = 5;
UPDATE character_create_stats SET value = 2000, updatetimestamp = '2018-03-20 12:34:09' WHERE id = 6;
UPDATE character_create_stats SET updatetimestamp = '2018-03-20 12:34:09' WHERE id = 7;
UPDATE character_create_stats SET value = 1200, updatetimestamp = '2018-03-20 12:34:09' WHERE id = 8;
UPDATE character_create_stats SET value = 1200, updatetimestamp = '2018-03-20 12:34:09' WHERE id = 9;
UPDATE character_create_stats SET updatetimestamp = '2018-03-20 12:34:09' WHERE id = 10;
UPDATE character_create_stats SET updatetimestamp = '2018-03-20 12:34:09' WHERE id = 11;
UPDATE character_create_stats SET updatetimestamp = '2018-03-20 12:34:09' WHERE id = 12;
UPDATE character_create_stats SET updatetimestamp = '2018-03-20 12:34:09' WHERE id = 13;
UPDATE character_create_stats SET updatetimestamp = '2018-03-20 12:34:09' WHERE id = 14;
UPDATE character_create_stats SET updatetimestamp = '2018-03-20 12:34:09' WHERE id = 15;
UPDATE character_create_stats SET updatetimestamp = '2018-03-20 12:34:43' WHERE id = 16;
UPDATE character_create_stats SET updatetimestamp = '2018-03-20 12:34:43' WHERE id = 17;
UPDATE character_create_stats SET updatetimestamp = '2018-03-20 12:34:43' WHERE id = 18;
UPDATE character_create_stats SET updatetimestamp = '2018-03-20 12:34:43' WHERE id = 19;
UPDATE character_create_stats SET value = 1500, updatetimestamp = '2018-03-20 12:34:43' WHERE id = 20;
UPDATE character_create_stats SET value = 1500, updatetimestamp = '2018-03-20 12:34:43' WHERE id = 21;
UPDATE character_create_stats SET updatetimestamp = '2018-03-20 12:34:43' WHERE id = 22;
UPDATE character_create_stats SET value = 2000, updatetimestamp = '2018-03-20 12:34:43' WHERE id = 23;
UPDATE character_create_stats SET value = 2000, updatetimestamp = '2018-03-20 12:34:43' WHERE id = 24;
UPDATE character_create_stats SET updatetimestamp = '2018-03-20 12:34:43' WHERE id = 25;
UPDATE character_create_stats SET updatetimestamp = '2018-03-20 12:34:43' WHERE id = 26;
UPDATE character_create_stats SET updatetimestamp = '2018-03-20 12:34:44' WHERE id = 27;
UPDATE character_create_stats SET updatetimestamp = '2018-03-20 12:34:44' WHERE id = 28;
UPDATE character_create_stats SET updatetimestamp = '2018-03-20 12:34:44' WHERE id = 29;
UPDATE character_create_stats SET updatetimestamp = '2018-03-20 12:34:44' WHERE id = 30;
UPDATE character_create_stats SET updatetimestamp = '2018-03-20 12:34:10' WHERE id = 75;
UPDATE character_create_stats SET updatetimestamp = '2018-03-20 12:34:10' WHERE id = 76;
UPDATE character_create_stats SET updatetimestamp = '2018-03-20 12:34:10' WHERE id = 77;
UPDATE character_create_stats SET updatetimestamp = '2018-03-20 12:34:10' WHERE id = 78;
UPDATE character_create_stats SET updatetimestamp = '2018-03-20 12:34:10' WHERE id = 79;
UPDATE character_create_stats SET updatetimestamp = '2018-03-20 12:34:10' WHERE id = 80;
UPDATE character_create_stats SET updatetimestamp = '2018-03-20 12:34:10' WHERE id = 81;
UPDATE character_create_stats SET updatetimestamp = '2018-03-20 12:34:10' WHERE id = 82;
UPDATE character_create_stats SET updatetimestamp = '2018-03-20 12:34:10' WHERE id = 83;
UPDATE character_create_stats SET updatetimestamp = '2018-03-20 12:34:44' WHERE id = 84;
UPDATE character_create_stats SET updatetimestamp = '2018-03-20 12:34:44' WHERE id = 85;
UPDATE character_create_stats SET updatetimestamp = '2018-03-20 12:34:44' WHERE id = 86;
UPDATE character_create_stats SET updatetimestamp = '2018-03-20 12:34:44' WHERE id = 87;
UPDATE character_create_stats SET updatetimestamp = '2018-03-20 12:34:44' WHERE id = 88;
UPDATE character_create_stats SET updatetimestamp = '2018-03-20 12:34:44' WHERE id = 89;
UPDATE character_create_stats SET updatetimestamp = '2018-03-20 12:34:44' WHERE id = 90;
UPDATE character_create_stats SET updatetimestamp = '2018-03-20 12:34:44' WHERE id = 91;
UPDATE character_create_stats SET updatetimestamp = '2018-03-20 12:34:44' WHERE id = 92;

--
-- Inserting data into table character_create_stats
--
INSERT INTO character_create_stats(id, character_create_id, stat, value, levelIncrease, levelPercentIncrease, isactive, creationtimestamp, updatetimestamp) VALUES
(93, 1, 'weight-max', 1000, 0, 0, 1, '0000-00-00 00:00:00', '2018-03-20 12:34:10'),
(94, 2, 'weight-max', 600, 0, 0, 1, '0000-00-00 00:00:00', '2018-03-20 12:34:44'),
(95, 1, 'weight', 0, 0, 0, 1, '0000-00-00 00:00:00', '2018-03-21 23:22:02'),
(96, 2, 'weight', 0, 0, 0, 1, '0000-00-00 00:00:00', '2018-03-21 23:22:02'),
(97, 3, 'attack_speed', 2000, 0, 0, 1, '0000-00-00 00:00:00', '2018-03-20 12:35:20'),
(98, 3, 'critic', 0, 0, 0, 1, '0000-00-00 00:00:00', '2018-03-20 12:35:20'),
(99, 3, 'crush_resistance', 5, 0, 0, 1, '0000-00-00 00:00:00', '2018-03-20 12:35:20'),
(100, 3, 'dexterity', 5, 0, 0, 1, '0000-00-00 00:00:00', '2018-03-20 12:35:21'),
(101, 3, 'endurance', 10, 0, 0, 1, '0000-00-00 00:00:00', '2018-03-20 12:35:21'),
(102, 3, 'evasion', 20, 0, 0, 1, '0000-00-00 00:00:00', '2018-03-20 12:35:21'),
(103, 3, 'health', 1800, 0, 0, 1, '0000-00-00 00:00:00', '2018-03-20 12:35:21'),
(104, 3, 'health-max', 1800, 0, 0, 1, '0000-00-00 00:00:00', '2018-03-20 12:35:21'),
(105, 3, 'intelligence', 15, 0, 0, 1, '0000-00-00 00:00:00', '2018-03-20 12:35:21'),
(106, 3, 'magical_critic', 5, 0, 0, 1, '0000-00-00 00:00:00', '2018-03-20 12:35:21'),
(107, 3, 'magical_evasion', 5, 0, 0, 1, '0000-00-00 00:00:00', '2018-03-20 12:35:21'),
(108, 3, 'magical_resistance', 5, 0, 0, 1, '0000-00-00 00:00:00', '2018-03-20 12:35:21'),
(109, 3, 'mana', 1800, 0, 0, 1, '0000-00-00 00:00:00', '2018-03-20 12:35:21'),
(110, 3, 'mana-max', 1800, 0, 0, 1, '0000-00-00 00:00:00', '2018-03-20 12:35:21'),
(111, 3, 'movement_speed', 7, 0, 0, 1, '0000-00-00 00:00:00', '2018-03-20 12:35:21'),
(112, 3, 'parry', 0, 0, 0, 1, '0000-00-00 00:00:00', '2018-03-20 12:35:21'),
(113, 3, 'physical_critic', 30, 0, 0, 1, '0000-00-00 00:00:00', '2018-03-20 12:35:21'),
(114, 3, 'physical_defense', 10, 0, 0, 1, '0000-00-00 00:00:00', '2018-03-20 12:35:21'),
(115, 3, 'physical_evasion', 20, 0, 0, 1, '0000-00-00 00:00:00', '2018-03-20 12:35:21'),
(116, 3, 'pierce_resistance', 0, 0, 0, 1, '0000-00-00 00:00:00', '2018-03-20 12:35:21'),
(117, 3, 'potential', 0, 0, 0, 1, '0000-00-00 00:00:00', '2018-03-20 12:35:21'),
(118, 3, 'slash_resistance', 0, 0, 0, 1, '0000-00-00 00:00:00', '2018-03-20 12:35:21'),
(119, 3, 'strength', 20, 0, 0, 1, '0000-00-00 00:00:00', '2018-03-20 12:35:21'),
(120, 3, 'weight', 0, 0, 0, 1, '0000-00-00 00:00:00', '2018-03-21 23:22:02'),
(121, 3, 'weight-max', 800, 0, 0, 1, '0000-00-00 00:00:00', '2018-03-20 12:35:21'),
(122, 3, 'willpower', 0, 0, 0, 1, '0000-00-00 00:00:00', '2018-03-20 12:35:21');

--
-- Updating data of table character_create_template
--
UPDATE character_create_template SET pos_x = -170, pos_y = 74, pos_z = 154, autoAttack = -1, updatetimestamp = '2018-03-20 12:34:09', respawnPosX = -170, respawnPosY = 74, respawnPosZ = 154 WHERE id = 1;
UPDATE character_create_template SET pos_x = -170, pos_y = 74, pos_z = 154, autoAttack = -1, updatetimestamp = '2018-03-20 12:34:43', respawnInstance = 29, respawnPosX = -170, respawnPosY = 74, respawnPosZ = 154 WHERE id = 2;

--
-- Inserting data into table character_create_template
--
INSERT INTO character_create_template(id, race, aspect, instance, pos_x, pos_y, pos_z, orientation, faction, autoAttack, isactive, creationtimestamp, updatetimestamp, respawnInstance, respawnPosX, respawnPosY, respawnPosZ, startingLevel) VALUES
(3, 22, 25, 29, -170, 74, 154, 0, 1, -1, 1, '0000-00-00 00:00:00', '2018-03-20 12:35:20', 29, -170, 74, 154, 1);

--
-- Deleting data from table coordinated_effects
--
DELETE FROM coordinated_effects WHERE id IN(2, 3, 4, 6, 7);

--
-- Inserting data into table coordinated_effects
--
INSERT INTO coordinated_effects(id, name, prefab, isactive, creationtimestamp, updatetimestamp) VALUES
(25, 'Magic Arrow CEffect', 'Assets/Resources/Content/CoordinatedEffects/Archer/MagicArrowCE.prefab', 1, '0000-00-00 00:00:00', '0000-00-00 00:00:00'),
(31, 'Stunning Arrow CEffect', 'Assets/Resources/Content/CoordinatedEffects/Archer/StuningArrowCE.prefab', 1, '0000-00-00 00:00:00', '0000-00-00 00:00:00'),
(37, 'Deadly Cut CEffect', 'Assets/Resources/Content/CoordinatedEffects/Warrior/DeadlyCutCE.prefab', 1, '0000-00-00 00:00:00', '0000-00-00 00:00:00'),
(38, 'Critical Charge CEffect', 'Assets/Resources/Content/CoordinatedEffects/Warrior/CriticalChargeCE.prefab', 1, '0000-00-00 00:00:00', '0000-00-00 00:00:00'),
(52, 'Magic Bolt CEffect', 'Assets/Resources/Content/CoordinatedEffects/Mage/MagicBoltCE.prefab', 1, '0000-00-00 00:00:00', '0000-00-00 00:00:00'),
(68, 'Sleep Bolt CEffect', 'Assets/Resources/Content/CoordinatedEffects/Mage/SleepBoltCE.prefab', 1, '0000-00-00 00:00:00', '0000-00-00 00:00:00'),
(71, 'Magic Arrow Aim CEffect', 'Assets/Resources/Content/CoordinatedEffects/Archer/Bow_Aim MagicArrowCE.prefab', 1, '0000-00-00 00:00:00', '0000-00-00 00:00:00'),
(82, 'Stuning Arrow Aim CEffect', 'Assets/Resources/Content/CoordinatedEffects/Archer/Bow_Aim StuningArrowCE.prefab', 1, '0000-00-00 00:00:00', '0000-00-00 00:00:00'),
(1001, 'MobAttack01', 'Assets/Resources/Content/CoordinatedEffects/Mobs/MobAttack01.prefab', 1, '0000-00-00 00:00:00', '0000-00-00 00:00:00'),
(1002, 'MobAttack02', 'Assets/Resources/Content/CoordinatedEffects/Mobs/MobAttack02.prefab', 1, '0000-00-00 00:00:00', '0000-00-00 00:00:00'),
(1003, 'MobAttack03', 'Assets/Resources/Content/CoordinatedEffects/Mobs/MobAttack03.prefab', 1, '0000-00-00 00:00:00', '0000-00-00 00:00:00'),
(1004, 'MobAttack04', 'Assets/Resources/Content/CoordinatedEffects/Mobs/MobAttack04.prefab', 1, '0000-00-00 00:00:00', '0000-00-00 00:00:00'),
(1005, 'MobAttack05', 'Assets/Resources/Content/CoordinatedEffects/Mobs/MobAttack05.prefab', 1, '0000-00-00 00:00:00', '0000-00-00 00:00:00');

--
-- Deleting data from table crafting_recipes
--
DELETE FROM crafting_recipes WHERE id = 1;

--
-- Inserting data into table crafting_recipes
--
INSERT INTO crafting_recipes(id, name, icon, resultItemID, resultItemCount, resultItem2ID, resultItem2Count, resultItem3ID, resultItem3Count, resultItem4ID, resultItem4Count, chance, resultItem5ID, resultItem5Count, resultItem6ID, resultItem6Count, resultItem7ID, resultItem7Count, resultItem8ID, resultItem8Count, chance2, resultItem9ID, resultItem9Count, resultItem10ID, resultItem10Count, resultItem11ID, resultItem11Count, resultItem12ID, resultItem12Count, chance3, resultItem13ID, resultItem13Count, resultItem14ID, resultItem14Count, resultItem15ID, resultItem15Count, resultItem16ID, resultItem16Count, chance4, skillID, skillLevelReq, skillLevelMax, stationReq, creationTime, recipeItemID, layoutReq, qualityChangeable, allowDyes, allowEssences, component1, component1count, component2, component2count, component3, component3count, component4, component4count, component5, component5count, component6, component6count, component7, component7count, component8, component8count, component9, component9count, component10, component10count, component11, component11count, component12, component12count, component13, component13count, component14, component14count, component15, component15count, component16, component16count, isactive, creationtimestamp, updatetimestamp) VALUES
(2, 'Crafting Recipe - Ring', '', 501191, 1, -1, 1, -1, 1, -1, 1, 100, 501191, 2, -1, 1, -1, 1, -1, 1, 50, 501191, 3, -1, 1, -1, 1, -1, 1, 10, 501191, 4, -1, 1, -1, 1, -1, 1, 1, 6, 1, NULL, 'Smelter', 2, -1, 0, 0, 1, 0, 501189, 2, 501190, 3, 501193, 1, -1, 1, -1, 1, -1, 1, -1, 1, -1, 1, -1, 1, -1, 1, -1, 1, -1, 1, -1, 1, -1, 1, -1, 1, -1, 1, 1, '0000-00-00 00:00:00', '2018-03-19 19:12:20'),
(3, 'Crafting Recipe - Necklace', '', 501192, 1, -1, 1, -1, 1, -1, 1, 100, 501192, 2, -1, 1, -1, 1, -1, 1, 50, 501192, 3, 501192, 1, 501192, 1, -1, 1, 10, 501192, 4, -1, 1, -1, 1, -1, 1, 1, 6, 1, NULL, 'Smelter', 2, -1, 0, 0, 1, 0, 501189, 4, 501190, 5, 501194, 1, -1, 1, -1, 1, -1, 1, -1, 1, -1, 1, -1, 1, -1, 1, -1, 1, -1, 1, -1, 1, -1, 1, -1, 1, -1, 1, 1, '0000-00-00 00:00:00', '2018-03-19 19:13:16'),
(4, 'Crafting Recipe - Iron Bar', '', 501189, 1, -1, 1, -1, 1, -1, 1, 100, 501189, 2, -1, 1, -1, 1, -1, 1, 50, 501189, 3, -1, 1, -1, 1, -1, 1, 10, 501189, 4, -1, 1, -1, 1, -1, 1, 1, 6, 1, NULL, 'Smelter', 2, -1, 0, 0, 1, 0, 501188, 1, 501190, 1, 501195, 1, -1, 1, -1, 1, -1, 1, -1, 1, -1, 1, -1, 1, -1, 1, -1, 1, -1, 1, -1, 1, -1, 1, -1, 1, -1, 1, 1, '0000-00-00 00:00:00', '2018-03-19 18:13:58'),
(5, 'Crafting Recipe - Earring', '', 501197, 1, -1, 1, -1, 1, -1, 1, 100, 501197, 2, -1, 1, -1, 1, -1, 1, 50, 501197, 3, -1, 1, -1, 1, -1, 1, 10, 501197, 4, -1, 1, -1, 1, -1, 1, 1, 6, 1, NULL, 'Smelter', 2, -1, 0, 0, 1, 0, 501189, 4, 501190, 5, 501198, 1, -1, 1, -1, 1, -1, 1, -1, 1, -1, 1, -1, 1, -1, 1, -1, 1, -1, 1, -1, 1, -1, 1, -1, 1, -1, 1, 1, '0000-00-00 00:00:00', '2018-03-19 19:14:20');

--
-- Updating data of table currencies
--
UPDATE currencies SET icon = 'Assets/OtherPackages/Icons/Gold.png', updatetimestamp = '2018-03-04 16:02:07' WHERE id = 1;
UPDATE currencies SET icon = 'Assets/OtherPackages/Icons/Silver.png', updatetimestamp = '2018-03-04 16:02:33' WHERE id = 2;
UPDATE currencies SET icon = 'Assets/OtherPackages/Icons/Copper.png', updatetimestamp = '2018-03-04 16:02:58' WHERE id = 3;

--
-- Inserting data into table currencies
--
INSERT INTO currencies(id, category, name, icon, description, maximum, currencyGroup, currencyPosition, external, isactive, creationtimestamp, updatetimestamp) VALUES
(4, 1, 'Diamonds', 'Assets/OtherPackages/Icons/Gem_03.png', 'Premium', 999999, 0, 0, 1, 1, '0000-00-00 00:00:00', '2018-03-04 16:03:07');

--
-- Deleting data from table effects
--
DELETE FROM effects WHERE id IN(1, 2, 4, 90134, 90135, 
90136);

--
-- Inserting data into table effects
--
INSERT INTO effects(id, name, displayName, icon, effectMainType, effectType, isBuff, skillType, skillLevelMod, passive, stackLimit, allowMultiple, duration, pulseCount, tooltip, bonusEffectReq, bonusEffectReqConsumed, bonusEffect, removeBonusWhenEffectRemoved, pulseCoordEffect, intValue1, intValue2, intValue3, intValue4, intValue5, floatValue1, floatValue2, floatValue3, floatValue4, floatValue5, stringValue1, stringValue2, stringValue3, stringValue4, stringValue5, boolValue1, boolValue2, boolValue3, boolValue4, boolValue5, isactive, creationtimestamp, updatetimestamp, chance) VALUES
(22, 'Magic Arrow Damage', NULL, 'Assets/OtherPackages/Tazo_2D/Icon/S_Green_invade.png', 'Damage', 'MeleeStrikeEffect', 0, 3, 0, 0, 0, 0, 0.8, 1, 'MagicArrowToltip', -1, 0, -1, 0, '', 97, -1, 0, 0, 0, 1, 0, 0, 0, 0, 'health', 'pierce', '', '', '', 0, 0, 0, 0, 0, 1, '0000-00-00 00:00:00', '2018-03-19 19:57:02', 0),
(28, 'Stun Effect', NULL, 'Assets/OtherPackages/Tazo_2D/Icon/S_elegent_beat.png', 'Stun', 'StunEffect', 0, 3, 0, 0, 0, 0, 2, 1, 'StunEffectTooltip', -1, 0, -1, 0, '', 0, 0, 0, 0, 0, 0, 0, 0, 0, 0, '', '', '', '', '', 0, 0, 0, 0, 0, 1, '0000-00-00 00:00:00', '2018-03-19 19:57:24', 0),
(29, 'Stun Arrow Damage Effect', NULL, 'Assets/OtherPackages/Tazo_2D/Icon/S_elegent_beat.png', 'Damage', 'MeleeStrikeEffect', 0, 3, 0, 0, 0, 0, 0.5, 1, 'StunArrowDamegeEffectTooltip', -1, 0, -1, 0, '', 30, -1, 0, 0, 0, 1, 0, 0, 0, 0, 'health', 'pierce', '', '', '', 0, 0, 0, 0, 0, 1, '0000-00-00 00:00:00', '2018-03-19 19:57:39', 0),
(39, 'Spinning Sword Effect', NULL, 'Assets/OtherPackages/Tazo_2D/Icon/S_X_chop.png', 'Damage', 'MeleeStrikeEffect', 0, 4, 0, 0, 0, 0, 1.5, 1, 'DeadlyCutEffectTooltip', -1, 0, -1, 0, '', 90, -1, 0, 0, 0, 1, 0, 0, 0, 0, 'health', 'slash', '', '', '', 0, 0, 0, 0, 0, 1, '0000-00-00 00:00:00', '2018-03-19 19:57:59', 0),
(40, 'Critical Charge Effect', NULL, 'Assets/OtherPackages/Tazo_2D/Icon/S_Forward_steel_attack.png', 'Damage', 'MeleeStrikeEffect', 0, 4, 0, 0, 0, 0, 0.5, 1, 'CriticalChargeEffectTooltip', -1, 0, -1, 0, '', 210, -1, 0, 0, 0, 1, 0, 0, 0, 0, 'health', 'slash', '', '', '', 0, 0, 0, 0, 0, 1, '0000-00-00 00:00:00', '2018-03-19 19:58:16', 0),
(56, 'Magic Bolt Effect', NULL, 'Assets/OtherPackages/Tazo_2D/Icon/S_Combo_knock.png', 'Damage', 'MagicalStrikeEffect', 0, 5, 0, 0, 0, 0, 0.5, 1, 'MagicBoltEffectTootip', -1, 0, -1, 0, '', 102, -1, 0, 0, 0, 1, 0, 0, 0, 0, 'health', 'magical', '', '', '', 0, 0, 0, 0, 0, 1, '0000-00-00 00:00:00', '2018-03-19 19:58:31', 0),
(70, 'Sleep Bolt Effect', NULL, 'Assets/OtherPackages/Tazo_2D/Icon/S_somewhat.png', 'Sleep', 'SleepEffect', 0, 5, 0, 0, 0, 0, 20, 1, 'SleepBoltEffectTooltip', -1, 0, -1, 0, '', 0, 0, 0, 0, 0, 0, 0, 0, 0, 0, '', '', '', '', '', 0, 0, 0, 0, 0, 1, '0000-00-00 00:00:00', '2018-03-19 20:02:42', 0),
(10000, 'MobBomberBug02MDSTEffect', NULL, '', 'Damage', 'MeleeStrikeEffect', 0, -1, 0, 0, 0, 0, 0, 1, 'MobBomberBug02MDSTEffect', -1, 0, -1, 0, '', 10, -1, 0, 0, 0, 1, 0, 0, 0, 0, 'health', 'slash', '', '', '', 0, 0, 0, 0, 0, 1, '0000-00-00 00:00:00', '0000-00-00 00:00:00', 0),
(10001, 'MobBomberBug03MAOECEffect', NULL, '', 'Damage', 'MeleeStrikeEffect', 0, -1, 0, 0, 0, 0, 0, 1, 'MobBomberBug03MAOECEffect', -1, 0, -1, 0, '', 10, -1, 0, 0, 0, 1, 0, 0, 0, 0, 'health', 'slash', '', '', '', 0, 0, 0, 0, 0, 1, '0000-00-00 00:00:00', '0000-00-00 00:00:00', 0),
(10002, 'MobBomberBug01MDSTEffect', NULL, '', 'Damage', 'MeleeStrikeEffect', 0, -1, 0, 0, 0, 0, 0, 1, 'MobBomberBug01MDSTEffect', -1, 0, -1, 0, '', 10, -1, 0, 0, 0, 1, 0, 0, 0, 0, 'health', 'slash', '', '', '', 0, 0, 0, 0, 0, 1, '0000-00-00 00:00:00', '0000-00-00 00:00:00', 0),
(90080, 'Spinning Sword Slow Effect', NULL, 'Assets/OtherPackages/Tazo_2D/Icon/S_X_chop.png', 'Stat', 'StatEffect', 0, 4, 0, 0, 0, 0, 8, 1, 'SpiningSwordSlowEffectTooltip', -1, 0, -1, 0, '', 0, 0, 0, 0, 0, -30, 0, 0, 0, 0, 'movement_speed', '~ none ~', '~ none ~', '~ none ~', '~ none ~', 1, 0, 0, 0, 0, 1, '0000-00-00 00:00:00', '2018-03-19 20:03:13', 0),
(90082, 'Critical Charge Resist Effect', NULL, 'Assets/OtherPackages/Tazo_2D/Icon/S_Forward_steel_attack.png', 'Stat', 'StatEffect', 0, -1, 0, 0, 3, 0, 3, 1, 'CriticalChargeResistEffectTooltip', -1, 0, -1, 0, '', 0, 0, 0, 0, 0, -5, -5, 0, 0, 0, 'slash_resistance', 'pierce_resistance', '~ none ~', '~ none ~', '~ none ~', 1, 0, 0, 0, 0, 1, '0000-00-00 00:00:00', '2018-03-19 20:03:28', 0),
(90089, 'Threat30', NULL, '', 'Threat', 'ThreatEffect', 0, -1, 0, 0, 0, 0, 0, 1, '', -1, 0, -1, 0, '', 30, 0, 0, 0, 0, 0, 0, 0, 0, 0, '', '', '', '', '', 0, 0, 0, 0, 0, 1, '0000-00-00 00:00:00', '2018-03-04 17:53:22', 0),
(90091, 'Threat1000', NULL, '', 'Threat', 'ThreatEffect', 0, -1, 0, 0, 0, 0, 0, 1, '', -1, 0, -1, 0, '', 1000, 0, 0, 0, 0, 0, 0, 0, 0, 0, '', '', '', '', '', 0, 0, 0, 0, 0, 1, '0000-00-00 00:00:00', '2018-03-04 17:53:34', 0),
(90137, 'Teleport To Coast Effect', NULL, '', 'Teleport', 'TeleportEffect', 0, -1, 0, 0, 0, 0, 0, 1, '', -1, 0, -1, 0, '', -1, 0, 0, 0, 0, 206.909, 53.666, 37.408, 0, 0, 'Standard', '', '', '', '', 0, 0, 0, 0, 0, 1, '0000-00-00 00:00:00', '2018-03-07 12:05:06', 0),
(90138, 'Teleport To Village Effect', NULL, '', 'Teleport', 'TeleportEffect', 0, -1, 0, 0, 0, 0, 0, 1, '', -1, 0, -1, 0, '', -1, 0, 0, 0, 0, -142.678, 73.381, 192.5, 0, 0, 'Standard', '', '', '', '', 0, 0, 0, 0, 0, 1, '0000-00-00 00:00:00', '2018-03-07 12:06:34', 0),
(90139, 'Summon Bomber Bug Pet', NULL, 'Assets/OtherPackages/Icons/BomberBug06.png', 'Spawn', 'SpawnEffect', 0, -1, 0, 0, 0, 0, 120, 1, 'Your companion', -1, 0, -1, 0, '', 10005, 3, -1, 0, 0, 0, 0, 0, 0, 0, '', '', '', '', '', 0, 0, 0, 0, 0, 1, '0000-00-00 00:00:00', '2018-03-15 23:06:41', 0),
(90140, 'Summon Bomber Bug Wild', NULL, 'Assets/OtherPackages/Icons/BomberBug06.png', 'Spawn', 'SpawnEffect', 0, -1, 0, 0, 0, 0, 1200, 1, 'Your companion', -1, 0, -1, 0, '', 134, 0, -1, 0, 0, 0, 0, 0, 0, 0, '', '', '', '', '', 0, 0, 0, 0, 0, 1, '0000-00-00 00:00:00', '2018-03-14 00:47:05', 0),
(220002, 'Metalsmithing Skillbook', NULL, 'Assets/OtherPackages/RPG_inventory_icons/book.PNG', 'Teach Skill', 'TeachSkillEffect', 0, -1, 0, 0, 0, 0, 0, 1, '', -1, 0, -1, 0, '', 6, 0, 0, 0, 0, 0, 0, 0, 0, 0, '', '', '', '', '', 0, 0, 0, 0, 0, 1, '0000-00-00 00:00:00', '0000-00-00 00:00:00', 0),
(220003, 'Woodworking Skillbook', NULL, 'Assets/OtherPackages/RPG_inventory_icons/book.PNG', 'Teach Skill', 'TeachSkillEffect', 0, -1, 0, 0, 0, 0, 0, 1, '', -1, 0, -1, 0, '', 7, 0, 0, 0, 0, 0, 0, 0, 0, 0, '', '', '', '', '', 0, 0, 0, 0, 0, 1, '0000-00-00 00:00:00', '0000-00-00 00:00:00', 0),
(220004, 'Tailoring Skillbook', NULL, 'Assets/OtherPackages/RPG_inventory_icons/book.PNG', 'Teach Skill', 'TeachSkillEffect', 0, -1, 0, 0, 0, 0, 0, 1, '', -1, 0, -1, 0, '', 8, 0, 0, 0, 0, 0, 0, 0, 0, 0, '', '', '', '', '', 0, 0, 0, 0, 0, 1, '0000-00-00 00:00:00', '2018-03-15 13:21:45', 0),
(220005, 'Alchemy Skillbook', NULL, 'Assets/OtherPackages/RPG_inventory_icons/book.PNG', 'Teach Skill', 'TeachSkillEffect', 0, -1, 0, 0, 0, 0, 0, 1, '', -1, 0, -1, 0, '', 9, 0, 0, 0, 0, 0, 0, 0, 0, 0, '', '', '', '', '', 0, 0, 0, 0, 0, 1, '0000-00-00 00:00:00', '2018-03-15 13:21:59', 0),
(220006, 'Jeweling Skillbook', NULL, 'Assets/OtherPackages/RPG_inventory_icons/book.PNG', 'Teach Skill', 'TeachSkillEffect', 0, -1, 0, 0, 0, 0, 0, 1, '', -1, 0, -1, 0, '', 10, 0, 0, 0, 0, 0, 0, 0, 0, 0, '', '', '', '', '', 0, 0, 0, 0, 0, 1, '0000-00-00 00:00:00', '2018-03-15 13:22:21', 0),
(220007, 'Cooking Skillbook', NULL, 'Assets/OtherPackages/RPG_inventory_icons/book.PNG', 'Teach Skill', 'TeachSkillEffect', 0, -1, 0, 0, 0, 0, 0, 1, '', -1, 0, -1, 0, '', 11, 0, 0, 0, 0, 0, 0, 0, 0, 0, '', '', '', '', '', 0, 0, 0, 0, 0, 1, '0000-00-00 00:00:00', '2018-03-15 13:22:32', 0),
(220009, 'Bag of Goods', NULL, 'Assets/OtherPackages/Icons/Bag_02.png', 'CreateItemFromLoot', 'CreateItemFromLootEffect', 0, -1, 0, 0, 0, 0, 0, 1, 'Bag of Goods will give you items randomly generated from attached loot tables.', -1, 0, -1, 0, '', 10292, 10293, -1, -1, -1, 100, 100, 0, 0, 0, '', '', '', '', '', 0, 0, 0, 0, 0, 1, '0000-00-00 00:00:00', '0000-00-00 00:00:00', 0),
(220010, 'Health Potion', NULL, 'Assets/OtherPackages/RPG_inventory_icons/hp.png', 'Restore', 'HealInstantEffect', 0, -1, 0, 0, 0, 0, 0, 1, 'Health potion restores 150 base health points. Depends on your Magic Power - Potential.', -1, 0, -1, 0, '', 150, 0, 0, 0, 0, 0, 0, 0, 0, 0, 'health', '', '', '', '', 0, 0, 0, 0, 0, 1, '0000-00-00 00:00:00', '2018-03-20 14:23:14', 0),
(220011, 'Mana Potion', NULL, 'Assets/OtherPackages/Icons/bottle.PNG', 'Restore', 'HealInstantEffect', 0, -1, 0, 0, 0, 0, 0, 1, 'Mana potion restores 300 base mana points. Depends on your Magic Power - Potential.', -1, 0, -1, 0, '', 300, 0, 0, 0, 0, 0, 0, 0, 0, 0, 'mana', '', '', '', '', 0, 0, 0, 0, 0, 1, '0000-00-00 00:00:00', '2018-03-20 14:23:36', 0),
(220012, 'Weight Slow Effect', NULL, 'Assets/OtherPackages/Tazo_2D/Icon/S_stone_emerge.png', 'Stat', 'StatEffect', 0, -1, 0, 1, 0, 0, 0, 1, 'You are overweight which slows down your movement, remove some heavy items from your backpack.', -1, 0, -1, 0, '', 0, 0, 0, 0, 0, -50, 0, 0, 0, 0, 'movement_speed', '~ none ~', '~ none ~', '~ none ~', '~ none ~', 1, 0, 0, 0, 0, 1, '0000-00-00 00:00:00', '2018-03-21 23:31:25', 0),
(220013, 'Summon Bomber Bug Pet Non Combat', NULL, 'Assets/OtherPackages/Icons/BomberBug06.png', 'Spawn', 'SpawnEffect', 0, -1, 0, 0, 0, 0, 120, 1, 'Your companion', -1, 0, -1, 0, '', 10005, 2, -1, 0, 0, 0, 0, 0, 0, 0, '', '', '', '', '', 0, 0, 0, 0, 0, 1, '0000-00-00 00:00:00', '2018-03-22 20:01:27', 0);

--
-- Updating data of table factions
--
UPDATE factions SET defaultStance = 1, updatetimestamp = '2018-03-23 12:18:03' WHERE id = 1;
UPDATE factions SET factionGroup = '', defaultStance = 1 WHERE id = 2;
UPDATE factions SET public = 0, defaultStance = 1, updatetimestamp = '2018-03-14 21:07:34' WHERE id = 5;

--
-- Inserting data into table factions
--
INSERT INTO factions(id, category, name, factionGroup, public, defaultStance, isactive, creationtimestamp, updatetimestamp) VALUES
(6, 1, 'NPCFaction', '', 1, 1, 1, '0000-00-00 00:00:00', '0000-00-00 00:00:00'),
(7, 1, 'Pet', '', 1, 1, 1, '0000-00-00 00:00:00', '2018-03-23 12:25:13');

--
-- Updating data of table faction_stances
--
UPDATE faction_stances SET defaultStance = -2, updatetimestamp = '2018-03-23 12:18:03' WHERE id = 3;
UPDATE faction_stances SET defaultStance = -2 WHERE id = 4;

--
-- Inserting data into table faction_stances
--
INSERT INTO faction_stances(id, factionID, otherFaction, defaultStance, isactive, creationtimestamp, updatetimestamp) VALUES
(5, 6, 1, -1, 1, '0000-00-00 00:00:00', '0000-00-00 00:00:00'),
(6, 5, 1, -2, 1, '0000-00-00 00:00:00', '0000-00-00 00:00:00'),
(7, 7, 4, 0, 1, '0000-00-00 00:00:00', '2018-03-23 12:25:13'),
(8, 7, 2, -2, 1, '0000-00-00 00:00:00', '2018-03-23 12:25:13'),
(9, 7, 5, -2, 1, '0000-00-00 00:00:00', '2018-03-23 12:25:13'),
(10, 1, 5, -2, 1, '0000-00-00 00:00:00', '0000-00-00 00:00:00'),
(11, 1, 4, 0, 1, '0000-00-00 00:00:00', '0000-00-00 00:00:00');

--
-- Updating data of table game_setting
--
UPDATE game_setting SET datatype = 'bool', value = 'false', updatetimestamp = '2018-03-10 23:17:09' WHERE id = 8;
UPDATE game_setting SET value = 'true', updatetimestamp = '2018-03-17 23:57:04' WHERE id = 18;
UPDATE game_setting SET datatype = 'bool', updatetimestamp = '2018-03-02 23:25:43' WHERE id = 26;
UPDATE game_setting SET datatype = 'bool', updatetimestamp = '2018-03-02 23:25:43' WHERE id = 27;
UPDATE game_setting SET datatype = 'bool', value = 'true', updatetimestamp = '2018-03-07 16:15:31' WHERE id = 30;
UPDATE game_setting SET datatype = 'string', updatetimestamp = '2018-03-02 23:25:43' WHERE id = 33;
UPDATE game_setting SET value = '50', updatetimestamp = '2018-03-19 21:01:55' WHERE id = 47;
UPDATE game_setting SET value = '60', updatetimestamp = '2018-03-03 00:39:34' WHERE id = 50;
UPDATE game_setting SET datatype = 'float', updatetimestamp = '2018-03-02 23:25:43' WHERE id = 57;
UPDATE game_setting SET datatype = 'float', updatetimestamp = '2018-03-02 23:25:43' WHERE id = 58;
UPDATE game_setting SET datatype = 'float', updatetimestamp = '2018-03-02 23:25:43' WHERE id = 59;
UPDATE game_setting SET datatype = 'float', updatetimestamp = '2018-03-02 23:25:43' WHERE id = 60;
UPDATE game_setting SET datatype = 'bool', updatetimestamp = '2018-03-02 23:25:43' WHERE id = 61;

--
-- Inserting data into table game_setting
--
INSERT INTO game_setting(id, name, datatype, value, isactive, creationtimestamp, updatetimestamp) VALUES
(68, 'BANK_SLOTS_COUNT', 'int', '20', 1, '0000-00-00 00:00:00', '2018-03-02 23:25:43'),
(69, 'GIVE_QUEST_ITEMS_TO_ALL_IN_GROUP', 'bool', 'true', 1, '0000-00-00 00:00:00', '2018-03-02 23:25:43'),
(70, 'DAMAGE_HITROLL_MODIFIER', 'int', '35', 1, '0000-00-00 00:00:00', '0000-00-00 00:00:00'),
(71, 'LOOT_BASED_ON_DAMAGE_DEALT', 'bool', 'true', 1, '0000-00-00 00:00:00', '0000-00-00 00:00:00'),
(72, 'WEATHER_UPDATE_PERIOD', 'float', '30', 1, '0000-00-00 00:00:00', '2018-03-02 23:25:43'),
(73, 'WEATHER_MONTH_SERVER_TIME', '', 'true', 1, '0000-00-00 00:00:00', '0000-00-00 00:00:00'),
(74, 'WORLD_TIME_ZONE', 'string', 'UTC', 1, '0000-00-00 00:00:00', '0000-00-00 00:00:00');

--
-- Deleting data from table graveyard
--
DELETE FROM graveyard WHERE id IN(1, 2);

--
-- Inserting data into table interactive_object
--
INSERT INTO interactive_object(id, name, gameObject, instance, locX, locY, locZ, interactionType, interactionID, interactionData1, interactionData2, interactionData3, questReqID, interactTimeReq, coordEffect, respawnTime, isactive, creationtimestamp, updatetimestamp) VALUES
(2, 'WorldTeleportToVillage', NULL, 29, 216.34, 55.4, 39.15, 'ApplyEffect', 90138, '', '', '', -1, 2, '', 0, 1, NULL, '2018-03-22 13:58:23'),
(3, 'WorldTeleportToCoast', NULL, 29, -139.45, 76.36, 189.24, 'ApplyEffect', 90137, '', '', '', -1, 2, '', 0, 1, NULL, '2018-03-22 13:58:23'),
(4, 'GuildPrivateInstanceEntry', NULL, 29, -168.403, 69.6713, 158.333, 'InstancePortal', 44, '-170', '74', '154', -1, 2, '', 0, 1, NULL, '2018-03-22 13:58:23'),
(5, 'PlayerPrivateInstanceEntry', NULL, 29, -167.54, 69.96, 157.56, 'InstancePortal', 43, '-170', '74', '154', -1, 2, '', 0, 1, NULL, '2018-03-22 13:58:23'),
(6, 'pf_menhir_02', NULL, 43, -167.54, 69.96, 157.56, 'LeaveInstance', -1, '', '', '', -1, 2, '', 0, 1, NULL, '2018-03-20 01:31:07'),
(7, 'pf_build_gate_01 (3)', NULL, 43, 216.34, 55.4, 39.15, 'ApplyEffect', 90138, '', '', '', -1, 2, '', 0, 1, NULL, NULL),
(8, 'pf_build_gate_01 (2)', NULL, 43, -139.45, 76.36, 189.24, 'ApplyEffect', 90137, '', '', '', -1, 2, '', 0, 1, NULL, NULL),
(9, 'pf_build_gate_01 (3)', NULL, 44, 216.34, 55.4, 39.15, 'ApplyEffect', 90138, '', '', '', -1, 2, '', 0, 1, NULL, '2018-03-20 03:39:47'),
(10, 'pf_menhir_02 (2)', NULL, 44, -168.403, 69.6713, 158.333, 'LeaveInstance', -1, '0', '0', '0', -1, 2, '', 0, 1, NULL, '2018-03-20 03:39:47'),
(11, 'pf_build_gate_01 (2)', NULL, 44, -139.45, 76.36, 189.24, 'ApplyEffect', 90137, '', '', '', -1, 2, '', 0, 1, NULL, '2018-03-20 03:39:47'),
(12, 'QuestStartObjectExample', NULL, 29, -175.936, 71.733, 156.531, 'StartQuest', 2, '', '', '', -1, 2, '', 0, 1, NULL, '2018-03-22 13:58:23');

--
-- Updating data of table item_templates
--
UPDATE item_templates SET toolTip = 'Pink Star Tooltip', updatetimestamp = '2018-01-15 20:25:28' WHERE id = 1;
UPDATE item_templates SET stackLimit = 100, purchaseCost = 10, toolTip = 'Wooden Stick Tooltip', updatetimestamp = '2018-03-20 21:32:26' WHERE id = 2;
UPDATE item_templates SET toolTip = 'Princess Wand Tooltip', updatetimestamp = '2018-01-15 20:25:28' WHERE id = 3;
UPDATE item_templates SET toolTip = 'Example Bag Tooltip', updatetimestamp = '2018-01-15 20:25:28' WHERE id = 501184;
UPDATE item_templates SET toolTip = 'Item Recipe 1 Tooltip', updatetimestamp = '2018-01-15 20:25:28' WHERE id = 501185;
UPDATE item_templates SET toolTip = 'Book for Ability 1 Tooltip', updatetimestamp = '2018-01-15 20:25:28' WHERE id = 501186;

--
-- Inserting data into table item_templates
--
INSERT INTO item_templates(id, name, icon, category, subcategory, itemType, subType, slot, display, itemQuality, binding, isUnique, stackLimit, duration, purchaseCurrency, purchaseCost, sellable, damage, damageMax, damageType, delay, toolTip, triggerEvent, triggerAction1Type, triggerAction1Data, effect1type, effect1name, effect1value, effect2type, effect2name, effect2value, effect3type, effect3name, effect3value, effect4type, effect4name, effect4value, effect5type, effect5name, effect5value, effect6type, effect6name, effect6value, effect7type, effect7name, effect7value, effect8type, effect8name, effect8value, effect9type, effect9name, effect9value, effect10type, effect10name, effect10value, effect11type, effect11name, effect11value, effect12type, effect12name, effect12value, isactive, creationtimestamp, updatetimestamp, actionBarAllowed) VALUES
(10181, 'Plate Breastplate 01', 'Assets/Dragonsan/Icons/Custom/Armors/Warrior02Upper 1.png', '0', '0', 'Armor', 'Plate', 'Chest', 'Assets/Resources/Content/EquipmentDisplay/Uma/Warrior/UmaWarrior02Upper 1.prefab', 2, 2, 0, 1, NULL, 3, 960, 0, 0, 0, '', 1.5, 'Plate Breastplate 01 Tooltip', NULL, NULL, NULL, 'Stat', 'health-max', '60', 'Stat', 'mana-max', '0', 'Stat', 'strength', '0', 'Stat', 'potential', '0', 'Stat', 'physical_defense', '193', 'Stat', 'magical_resistance', '52', 'Stat', 'movement_speed', '0', 'Stat', 'dexterity', '76', 'Stat', 'intelligence', '0', 'Stat', 'evasion', '76', 'Stat', 'parry', '0', 'Stat', 'critic', '0', 1, '0000-00-00 00:00:00', '2018-01-15 20:25:28', 0),
(10182, 'Plate Greaves 01', 'Assets/Dragonsan/Icons/Custom/Armors/Warrior02Lower 1.png', '0', '0', 'Armor', 'Plate', 'Legs', 'Assets/Resources/Content/EquipmentDisplay/Uma/Warrior/UmaWarrior02Lower 1.prefab', 2, 2, 0, 1, NULL, 3, 787, 0, 0, 0, '', 1.5, 'Plate Greaves 01 Tooltip', NULL, NULL, NULL, 'Stat', 'health-max', '49', 'Stat', 'mana-max', '0', 'Stat', 'strength', '0', 'Stat', 'potential', '0', 'Stat', 'physical_defense', '158', 'Stat', 'magical_resistance', '42', 'Stat', 'movement_speed', '0', 'Stat', 'dexterity', '61', 'Stat', 'intelligence', '0', 'Stat', 'evasion', '61', 'Stat', 'parry', '0', 'Stat', 'critic', '0', 1, '0000-00-00 00:00:00', '2018-01-15 20:25:28', 0),
(10183, 'Plate Shoulderplates 01', 'Assets/Dragonsan/Icons/Custom/Armors/Warrior02Shoulder 1.png', '0', '0', 'Armor', 'Plate', 'Shoulder', 'Assets/Resources/Content/EquipmentDisplay/Uma/Warrior/UmaWarrior02Shoulder 1.prefab', 2, 2, 0, 1, NULL, 3, 672, 0, 0, 0, '', 1.5, 'Plate Shoulderplates 01 Tooltip', NULL, NULL, NULL, 'Stat', 'health-max', '42', 'Stat', 'mana-max', '0', 'Stat', 'strength', '0', 'Stat', 'potential', '0', 'Stat', 'physical_defense', '134', 'Stat', 'magical_resistance', '36', 'Stat', 'movement_speed', '0', 'Stat', 'dexterity', '53', 'Stat', 'intelligence', '0', 'Stat', 'evasion', '53', 'Stat', 'parry', '0', 'Stat', 'critic', '0', 1, '0000-00-00 00:00:00', '2018-01-15 20:25:28', 0),
(10184, 'Plate Gloves 01', 'Assets/Dragonsan/Icons/Custom/Armors/Warrior02Gloves 1.png', '0', '0', 'Armor', 'Plate', 'Hands', 'Assets/Resources/Content/EquipmentDisplay/Uma/Warrior/UmaWarrior02Gloves 1.prefab', 2, 2, 0, 1, NULL, 3, 672, 0, 0, 0, '', 1.5, 'Plate Gloves 01 Tooltip', NULL, NULL, NULL, 'Stat', 'health-max', '42', 'Stat', 'mana-max', '0', 'Stat', 'strength', '0', 'Stat', 'potential', '0', 'Stat', 'physical_defense', '134', 'Stat', 'magical_resistance', '36', 'Stat', 'movement_speed', '0', 'Stat', 'dexterity', '53', 'Stat', 'intelligence', '0', 'Stat', 'evasion', '53', 'Stat', 'parry', '0', 'Stat', 'critic', '0', 1, '0000-00-00 00:00:00', '2018-01-15 20:25:28', 0),
(10185, 'Plate Shoes 01', 'Assets/Dragonsan/Icons/Custom/Armors/Warrior02Boots 1.png', '0', '0', 'Armor', 'Plate', 'Feet', 'Assets/Resources/Content/EquipmentDisplay/Uma/Warrior/UmaWarrior02Boots 1.prefab', 2, 2, 0, 1, NULL, 3, 672, 0, 0, 0, '', 1.5, 'Plate Shoes 01 Tooltip', NULL, NULL, NULL, 'Stat', 'health-max', '42', 'Stat', 'mana-max', '0', 'Stat', 'strength', '0', 'Stat', 'potential', '0', 'Stat', 'physical_defense', '134', 'Stat', 'magical_resistance', '36', 'Stat', 'movement_speed', '1', 'Stat', 'dexterity', '53', 'Stat', 'intelligence', '0', 'Stat', 'evasion', '53', 'Stat', 'parry', '0', 'Stat', 'critic', '0', 1, '0000-00-00 00:00:00', '2018-01-15 20:25:28', 0),
(10186, 'Plate Helmet 01', 'Assets/Dragonsan/Icons/Custom/Armors/Warrior02Hood 1.png', '0', '0', 'Armor', 'Plate', 'Head', 'Assets/Resources/Content/EquipmentDisplay/Uma/Warrior/UmaWarrior02Hood 1.prefab', 2, 2, 0, 1, NULL, 3, 528, 0, 0, 0, '', 1.5, 'Plate Helmet 01 Tooltip', NULL, NULL, NULL, 'Stat', 'health-max', '33', 'Stat', 'mana-max', '0', 'Stat', 'strength', '0', 'Stat', 'potential', '0', 'Stat', 'physical_defense', '105', 'Stat', 'magical_resistance', '27', 'Stat', 'movement_speed', '0', 'Stat', 'dexterity', '41', 'Stat', 'intelligence', '0', 'Stat', 'evasion', '41', 'Stat', 'parry', '0', 'Stat', 'critic', '0', 1, '0000-00-00 00:00:00', '2018-01-15 20:25:28', 0),
(10187, 'Leather Jacket 01', 'Assets/Dragonsan/Icons/Custom/Armors/Ranger02Upper 1.png', '0', '0', 'Armor', 'Leather', 'Chest', 'Assets/Resources/Content/EquipmentDisplay/Uma/Ranger/UmaRanger02Upper 1.prefab', 2, 2, 0, 1, NULL, 3, 960, 0, 0, 0, '', 1.5, 'Leather Jacket 01 Tooltip', NULL, NULL, NULL, 'Stat', 'health-max', '0', 'Stat', 'mana-max', '0', 'Stat', 'strength', '0', 'Stat', 'potential', '0', 'Stat', 'physical_defense', '120', 'Stat', 'magical_resistance', '66', 'Stat', 'movement_speed', '0', 'Stat', 'dexterity', '142', 'Stat', 'intelligence', '0', 'Stat', 'evasion', '142', 'Stat', 'parry', '0', 'Stat', 'critic', '0', 1, '0000-00-00 00:00:00', '2018-01-15 20:25:28', 0),
(10188, 'Leather Pants 01', 'Assets/Dragonsan/Icons/Custom/Armors/Ranger02Lower 1.png', '0', '0', 'Armor', 'Leather', 'Legs', 'Assets/Resources/Content/EquipmentDisplay/Uma/Ranger/UmaRanger02Lower 1.prefab', 2, 2, 0, 1, NULL, 3, 787, 0, 0, 0, '', 1.5, 'Leather Pants 01 Tooltip', NULL, NULL, NULL, 'Stat', 'health-max', '0', 'Stat', 'mana-max', '0', 'Stat', 'strength', '0', 'Stat', 'potential', '0', 'Stat', 'physical_defense', '98', 'Stat', 'magical_resistance', '54', 'Stat', 'movement_speed', '0', 'Stat', 'dexterity', '115', 'Stat', 'intelligence', '0', 'Stat', 'evasion', '115', 'Stat', 'parry', '0', 'Stat', 'critic', '0', 1, '0000-00-00 00:00:00', '2018-01-15 20:25:28', 0),
(10189, 'Leather Shoulderplates 01', 'Assets/Dragonsan/Icons/Custom/Armors/Ranger02Shoulder 1.png', '0', '0', 'Armor', 'Leather', 'Shoulder', 'Assets/Resources/Content/EquipmentDisplay/Uma/Ranger/UmaRanger02Shoulder 1.prefab', 2, 2, 0, 1, NULL, 3, 672, 0, 0, 0, '', 1.5, 'Leather Shoulderplates 01 Tooltip', NULL, NULL, NULL, 'Stat', 'health-max', '0', 'Stat', 'mana-max', '0', 'Stat', 'strength', '0', 'Stat', 'potential', '0', 'Stat', 'physical_defense', '84', 'Stat', 'magical_resistance', '45', 'Stat', 'movement_speed', '0', 'Stat', 'dexterity', '98', 'Stat', 'intelligence', '0', 'Stat', 'evasion', '98', 'Stat', 'parry', '0', 'Stat', 'critic', '0', 1, '0000-00-00 00:00:00', '2018-01-15 20:25:28', 0),
(10190, 'Leather Gloves 01', 'Assets/Dragonsan/Icons/Custom/Armors/Ranger02Gloves 1.png', '0', '0', 'Armor', 'Leather', 'Hands', 'Assets/Resources/Content/EquipmentDisplay/Uma/Ranger/UmaRanger02Gloves 1.prefab', 2, 2, 0, 1, NULL, 3, 672, 0, 0, 0, '', 1.5, 'Leather Gloves 01 Tooltip', NULL, NULL, NULL, 'Stat', 'health-max', '0', 'Stat', 'mana-max', '0', 'Stat', 'strength', '0', 'Stat', 'potential', '0', 'Stat', 'physical_defense', '84', 'Stat', 'magical_resistance', '45', 'Stat', 'movement_speed', '0', 'Stat', 'dexterity', '98', 'Stat', 'intelligence', '0', 'Stat', 'evasion', '98', 'Stat', 'parry', '0', 'Stat', 'critic', '0', 1, '0000-00-00 00:00:00', '2018-01-15 20:25:28', 0),
(10191, 'Leather Shoes 01', 'Assets/Dragonsan/Icons/Custom/Armors/Ranger02Boots 1.png', '0', '0', 'Armor', 'Leather', 'Feet', 'Assets/Resources/Content/EquipmentDisplay/Uma/Ranger/UmaRanger02Boots 1.prefab', 2, 2, 0, 1, NULL, 3, 672, 0, 0, 0, '', 1.5, 'Leather Shoes 01 Tooltip', NULL, NULL, NULL, 'Stat', 'health-max', '0', 'Stat', 'mana-max', '0', 'Stat', 'strength', '0', 'Stat', 'potential', '0', 'Stat', 'physical_defense', '84', 'Stat', 'magical_resistance', '45', 'Stat', 'movement_speed', '1', 'Stat', 'dexterity', '98', 'Stat', 'intelligence', '0', 'Stat', 'evasion', '98', 'Stat', 'parry', '0', 'Stat', 'critic', '0', 1, '0000-00-00 00:00:00', '2018-01-15 20:25:28', 0),
(10192, 'Leather Hood 01', 'Assets/Dragonsan/Icons/Custom/Armors/Ranger02Hood 1.png', '0', '0', 'Armor', 'Leather', 'Head', 'Assets/Resources/Content/EquipmentDisplay/Uma/Ranger/UmaRanger02Hood 1.prefab', 2, 2, 0, 1, NULL, 3, 528, 0, 0, 0, '', 1.5, 'Leather Hood 01 Tooltip', NULL, NULL, NULL, 'Stat', 'health-max', '0', 'Stat', 'mana-max', '0', 'Stat', 'strength', '0', 'Stat', 'potential', '0', 'Stat', 'physical_defense', '66', 'Stat', 'magical_resistance', '36', 'Stat', 'movement_speed', '0', 'Stat', 'dexterity', '77', 'Stat', 'intelligence', '0', 'Stat', 'evasion', '77', 'Stat', 'parry', '0', 'Stat', 'critic', '0', 1, '0000-00-00 00:00:00', '2018-01-15 20:25:28', 0),
(10193, 'Cloth Tunic 01', 'Assets/Dragonsan/Icons/Custom/Armors/Mage02Upper 1.png', '0', '0', 'Armor', 'Cloth', 'Chest', 'Assets/Resources/Content/EquipmentDisplay/Uma/Mage/UmaMage02Upper 1.prefab', 2, 2, 0, 1, NULL, 3, 960, 0, 0, 0, '', 1.5, 'Cloth Tunic 01 Tooltip', NULL, NULL, NULL, 'Stat', 'health-max', '0', 'Stat', 'mana-max', '116', 'Stat', 'strength', '0', 'Stat', 'potential', '0', 'Stat', 'physical_defense', '66', 'Stat', 'magical_resistance', '81', 'Stat', 'movement_speed', '0', 'Stat', 'dexterity', '0', 'Stat', 'intelligence', '106', 'Stat', 'evasion', '106', 'Stat', 'parry', '0', 'Stat', 'critic', '0', 1, '0000-00-00 00:00:00', '2018-01-15 20:25:28', 0),
(10194, 'Cloth Pants 01', 'Assets/Dragonsan/Icons/Custom/Armors/Mage02Lower 1.png', '0', '0', 'Armor', 'Cloth', 'Legs', 'Assets/Resources/Content/EquipmentDisplay/Uma/Mage/UmaMage02Lower 1.prefab', 2, 2, 0, 1, NULL, 3, 787, 0, 0, 0, '', 1.5, 'Cloth Pants 01 Tooltip', NULL, NULL, NULL, 'Stat', 'health-max', '0', 'Stat', 'mana-max', '95', 'Stat', 'strength', '0', 'Stat', 'potential', '0', 'Stat', 'physical_defense', '54', 'Stat', 'magical_resistance', '65', 'Stat', 'movement_speed', '0', 'Stat', 'dexterity', '0', 'Stat', 'intelligence', '86', 'Stat', 'evasion', '86', 'Stat', 'parry', '0', 'Stat', 'critic', '0', 1, '0000-00-00 00:00:00', '2018-01-15 20:25:28', 0),
(10195, 'Cloth Shoulderplates 01', 'Assets/Dragonsan/Icons/Custom/Armors/Mage02Shoulder 1.png', '0', '0', 'Armor', 'Cloth', 'Shoulder', 'Assets/Resources/Content/EquipmentDisplay/Uma/Mage/UmaMage02Shoulder 1.prefab', 2, 2, 0, 1, NULL, 3, 672, 0, 0, 0, '', 1.5, 'Cloth Shoulderplates 01 Tooltip', NULL, NULL, NULL, 'Stat', 'health-max', '0', 'Stat', 'mana-max', '81', 'Stat', 'strength', '0', 'Stat', 'potential', '0', 'Stat', 'physical_defense', '45', 'Stat', 'magical_resistance', '56', 'Stat', 'movement_speed', '0', 'Stat', 'dexterity', '0', 'Stat', 'intelligence', '73', 'Stat', 'evasion', '73', 'Stat', 'parry', '0', 'Stat', 'critic', '0', 1, '0000-00-00 00:00:00', '2018-01-15 20:25:28', 0),
(10196, 'Cloth Gloves 01', 'Assets/Dragonsan/Icons/Custom/Armors/Mage02Gloves 1.png', '0', '0', 'Armor', 'Cloth', 'Hands', 'Assets/Resources/Content/EquipmentDisplay/Uma/Mage/UmaMage02Gloves 1.prefab', 2, 2, 0, 1, NULL, 3, 672, 0, 0, 0, '', 1.5, 'Cloth Gloves 01 Tooltip', NULL, NULL, NULL, 'Stat', 'health-max', '0', 'Stat', 'mana-max', '81', 'Stat', 'strength', '0', 'Stat', 'potential', '0', 'Stat', 'physical_defense', '45', 'Stat', 'magical_resistance', '56', 'Stat', 'movement_speed', '0', 'Stat', 'dexterity', '0', 'Stat', 'intelligence', '73', 'Stat', 'evasion', '73', 'Stat', 'parry', '0', 'Stat', 'critic', '0', 1, '0000-00-00 00:00:00', '2018-01-15 20:25:28', 0),
(10197, 'Cloth Shoes 01', 'Assets/Dragonsan/Icons/Custom/Armors/Mage02Boots 1.png', '0', '0', 'Armor', 'Cloth', 'Feet', 'Assets/Resources/Content/EquipmentDisplay/Uma/Mage/UmaMage02Boots 1.prefab', 2, 2, 0, 1, NULL, 3, 672, 0, 0, 0, '', 1.5, 'Cloth Shoes 01 Tooltip', NULL, NULL, NULL, 'Stat', 'health-max', '0', 'Stat', 'mana-max', '81', 'Stat', 'strength', '0', 'Stat', 'potential', '0', 'Stat', 'physical_defense', '45', 'Stat', 'magical_resistance', '56', 'Stat', 'movement_speed', '1', 'Stat', 'dexterity', '0', 'Stat', 'intelligence', '73', 'Stat', 'evasion', '73', 'Stat', 'parry', '0', 'Stat', 'critic', '0', 1, '0000-00-00 00:00:00', '2018-01-15 20:25:28', 0),
(10198, 'Cloth Hood 01', 'Assets/Dragonsan/Icons/Custom/Armors/Mage02Hood 1.png', '0', '0', 'Armor', 'Cloth', 'Head', 'Assets/Resources/Content/EquipmentDisplay/Uma/Mage/UmaMage02Hood 1.prefab', 2, 2, 0, 1, NULL, 3, 528, 0, 0, 0, '', 1.5, 'Cloth Hood 01 Tooltip', NULL, NULL, NULL, 'Stat', 'health-max', '0', 'Stat', 'mana-max', '63', 'Stat', 'strength', '0', 'Stat', 'potential', '0', 'Stat', 'physical_defense', '36', 'Stat', 'magical_resistance', '44', 'Stat', 'movement_speed', '0', 'Stat', 'dexterity', '0', 'Stat', 'intelligence', '57', 'Stat', 'evasion', '57', 'Stat', 'parry', '0', 'Stat', 'critic', '0', 1, '0000-00-00 00:00:00', '2018-01-15 20:25:28', 0),
(10343, 'Plate Breastplate 02', 'Assets/Dragonsan/Icons/Custom/Armors/Warrior02Upper 2.png', '0', '0', 'Armor', 'Plate', 'Chest', 'Assets/Resources/Content/EquipmentDisplay/Uma/Warrior/UmaWarrior02Upper 2.prefab', 3, 2, 0, 1, NULL, 4, 1260, 0, 0, 0, '', 1.5, 'Plate Breastplate 02 Tooltip', NULL, NULL, NULL, 'Stat', 'health-max', '71', 'Stat', 'mana-max', '0', 'Stat', 'strength', '0', 'Stat', 'potential', '0', 'Stat', 'physical_defense', '204', 'Stat', 'magical_resistance', '74', 'Stat', 'movement_speed', '0', 'Stat', 'dexterity', '89', 'Stat', 'intelligence', '0', 'Stat', 'evasion', '89', 'Stat', 'parry', '0', 'Stat', 'critic', '0', 1, '0000-00-00 00:00:00', '2018-01-15 20:25:28', 0),
(10344, 'Plate Greaves 02', 'Assets/Dragonsan/Icons/Custom/Armors/Warrior02Lower 2.png', '0', '0', 'Armor', 'Plate', 'Legs', 'Assets/Resources/Content/EquipmentDisplay/Uma/Warrior/UmaWarrior02Lower 2.prefab', 3, 2, 0, 1, NULL, 4, 1033, 0, 0, 0, '', 1.5, 'Plate Greaves 02 Tooltip', NULL, NULL, NULL, 'Stat', 'health-max', '58', 'Stat', 'mana-max', '0', 'Stat', 'strength', '0', 'Stat', 'potential', '0', 'Stat', 'physical_defense', '166', 'Stat', 'magical_resistance', '59', 'Stat', 'movement_speed', '0', 'Stat', 'dexterity', '72', 'Stat', 'intelligence', '0', 'Stat', 'evasion', '72', 'Stat', 'parry', '0', 'Stat', 'critic', '0', 1, '0000-00-00 00:00:00', '2018-01-15 20:25:28', 0),
(10345, 'Plate Shoulderplates 02', 'Assets/Dragonsan/Icons/Custom/Armors/Warrior02Shoulder 2.png', '0', '0', 'Armor', 'Plate', 'Shoulder', 'Assets/Resources/Content/EquipmentDisplay/Uma/Warrior/UmaWarrior02Shoulder 2.prefab', 3, 2, 0, 1, NULL, 4, 882, 0, 0, 0, '', 1.5, 'Plate Shoulderplates 02 Tooltip', NULL, NULL, NULL, 'Stat', 'health-max', '49', 'Stat', 'mana-max', '0', 'Stat', 'strength', '0', 'Stat', 'potential', '0', 'Stat', 'physical_defense', '142', 'Stat', 'magical_resistance', '51', 'Stat', 'movement_speed', '0', 'Stat', 'dexterity', '61', 'Stat', 'intelligence', '0', 'Stat', 'evasion', '61', 'Stat', 'parry', '0', 'Stat', 'critic', '0', 1, '0000-00-00 00:00:00', '2018-01-15 20:25:28', 0),
(10346, 'Plate Gloves 02', 'Assets/Dragonsan/Icons/Custom/Armors/Warrior02Gloves 2.png', '0', '0', 'Armor', 'Plate', 'Hands', 'Assets/Resources/Content/EquipmentDisplay/Uma/Warrior/UmaWarrior02Gloves 2.prefab', 3, 2, 0, 1, NULL, 4, 882, 0, 0, 0, '', 1.5, 'Plate Gloves 02 Tooltip', NULL, NULL, NULL, 'Stat', 'health-max', '49', 'Stat', 'mana-max', '0', 'Stat', 'strength', '0', 'Stat', 'potential', '0', 'Stat', 'physical_defense', '142', 'Stat', 'magical_resistance', '51', 'Stat', 'movement_speed', '0', 'Stat', 'dexterity', '61', 'Stat', 'intelligence', '0', 'Stat', 'evasion', '61', 'Stat', 'parry', '0', 'Stat', 'critic', '0', 1, '0000-00-00 00:00:00', '2018-01-15 20:25:28', 0),
(10347, 'Plate Shoes 02', 'Assets/Dragonsan/Icons/Custom/Armors/Warrior02Boots 2.png', '0', '0', 'Armor', 'Plate', 'Feet', 'Assets/Resources/Content/EquipmentDisplay/Uma/Warrior/UmaWarrior02Boots 2.prefab', 3, 2, 0, 1, NULL, 4, 882, 0, 0, 0, '', 1.5, 'Plate Shoes 02 Tooltip', NULL, NULL, NULL, 'Stat', 'health-max', '49', 'Stat', 'mana-max', '0', 'Stat', 'strength', '0', 'Stat', 'potential', '0', 'Stat', 'physical_defense', '142', 'Stat', 'magical_resistance', '51', 'Stat', 'movement_speed', '1', 'Stat', 'dexterity', '61', 'Stat', 'intelligence', '0', 'Stat', 'evasion', '61', 'Stat', 'parry', '0', 'Stat', 'critic', '0', 1, '0000-00-00 00:00:00', '2018-01-15 20:25:28', 0),
(10348, 'Plate Helmet 02', 'Assets/Dragonsan/Icons/Custom/Armors/Warrior02Hood 2.png', '0', '0', 'Armor', 'Plate', 'Head', 'Assets/Resources/Content/EquipmentDisplay/Uma/Warrior/UmaWarrior02Hood 2.prefab', 3, 2, 0, 1, NULL, 4, 693, 0, 0, 0, '', 1.5, 'Plate Helmet 02 Tooltip', NULL, NULL, NULL, 'Stat', 'health-max', '39', 'Stat', 'mana-max', '0', 'Stat', 'strength', '0', 'Stat', 'potential', '0', 'Stat', 'physical_defense', '111', 'Stat', 'magical_resistance', '40', 'Stat', 'movement_speed', '0', 'Stat', 'dexterity', '48', 'Stat', 'intelligence', '0', 'Stat', 'evasion', '48', 'Stat', 'parry', '0', 'Stat', 'critic', '0', 1, '0000-00-00 00:00:00', '2018-01-15 20:25:28', 0),
(10349, 'Leather Jacket 02', 'Assets/Dragonsan/Icons/Custom/Armors/Ranger02Upper 2.png', '0', '0', 'Armor', 'Leather', 'Chest', 'Assets/Resources/Content/EquipmentDisplay/Uma/Ranger/UmaRanger02Upper 2.prefab', 3, 2, 0, 1, NULL, 4, 1260, 0, 0, 0, '', 1.5, 'Leather Jacket 02 Tooltip', NULL, NULL, NULL, 'Stat', 'health-max', '71', 'Stat', 'mana-max', '0', 'Stat', 'strength', '0', 'Stat', 'potential', '0', 'Stat', 'physical_defense', '140', 'Stat', 'magical_resistance', '77', 'Stat', 'movement_speed', '0', 'Stat', 'dexterity', '157', 'Stat', 'intelligence', '0', 'Stat', 'evasion', '157', 'Stat', 'parry', '0', 'Stat', 'critic', '0', 1, '0000-00-00 00:00:00', '2018-01-15 20:25:28', 0),
(10350, 'Leather Pants 02', 'Assets/Dragonsan/Icons/Custom/Armors/Ranger02Lower 2.png', '0', '0', 'Armor', 'Leather', 'Legs', 'Assets/Resources/Content/EquipmentDisplay/Uma/Ranger/UmaRanger02Lower 2.prefab', 3, 2, 0, 1, NULL, 4, 1033, 0, 0, 0, '', 1.5, 'Leather Pants 02 Tooltip', NULL, NULL, NULL, 'Stat', 'health-max', '58', 'Stat', 'mana-max', '0', 'Stat', 'strength', '0', 'Stat', 'potential', '0', 'Stat', 'physical_defense', '113', 'Stat', 'magical_resistance', '62', 'Stat', 'movement_speed', '0', 'Stat', 'dexterity', '128', 'Stat', 'intelligence', '0', 'Stat', 'evasion', '128', 'Stat', 'parry', '0', 'Stat', 'critic', '0', 1, '0000-00-00 00:00:00', '2018-01-15 20:25:28', 0),
(10351, 'Leather Shoulderplates 02', 'Assets/Dragonsan/Icons/Custom/Armors/Ranger02Shoulder 2.png', '0', '0', 'Armor', 'Leather', 'Shoulder', 'Assets/Resources/Content/EquipmentDisplay/Uma/Ranger/UmaRanger02Shoulder 2.prefab', 3, 2, 0, 1, NULL, 4, 882, 0, 0, 0, '', 1.5, 'Leather Shoulderplates 02 Tooltip', NULL, NULL, NULL, 'Stat', 'health-max', '49', 'Stat', 'mana-max', '0', 'Stat', 'strength', '0', 'Stat', 'potential', '0', 'Stat', 'physical_defense', '97', 'Stat', 'magical_resistance', '53', 'Stat', 'movement_speed', '0', 'Stat', 'dexterity', '109', 'Stat', 'intelligence', '0', 'Stat', 'evasion', '109', 'Stat', 'parry', '0', 'Stat', 'critic', '0', 1, '0000-00-00 00:00:00', '2018-01-15 20:25:28', 0),
(10352, 'Leather Gloves 02', 'Assets/Dragonsan/Icons/Custom/Armors/Ranger02Gloves 2.png', '0', '0', 'Armor', 'Leather', 'Hands', 'Assets/Resources/Content/EquipmentDisplay/Uma/Ranger/UmaRanger02Gloves 2.prefab', 3, 2, 0, 1, NULL, 4, 882, 0, 0, 0, '', 1.5, 'Leather Gloves 02 Tooltip', NULL, NULL, NULL, 'Stat', 'health-max', '49', 'Stat', 'mana-max', '0', 'Stat', 'strength', '0', 'Stat', 'potential', '0', 'Stat', 'physical_defense', '97', 'Stat', 'magical_resistance', '53', 'Stat', 'movement_speed', '0', 'Stat', 'dexterity', '109', 'Stat', 'intelligence', '0', 'Stat', 'evasion', '109', 'Stat', 'parry', '0', 'Stat', 'critic', '0', 1, '0000-00-00 00:00:00', '2018-01-15 20:25:28', 0),
(10353, 'Leather Shoes 02', 'Assets/Dragonsan/Icons/Custom/Armors/Ranger02Boots 2.png', '0', '0', 'Armor', 'Leather', 'Feet', 'Assets/Resources/Content/EquipmentDisplay/Uma/Ranger/UmaRanger02Boots 2.prefab', 3, 2, 0, 1, NULL, 4, 882, 0, 0, 0, '', 1.5, 'Leather Shoes 02 Tooltip', NULL, NULL, NULL, 'Stat', 'health-max', '49', 'Stat', 'mana-max', '0', 'Stat', 'strength', '0', 'Stat', 'potential', '0', 'Stat', 'physical_defense', '97', 'Stat', 'magical_resistance', '53', 'Stat', 'movement_speed', '1', 'Stat', 'dexterity', '109', 'Stat', 'intelligence', '0', 'Stat', 'evasion', '109', 'Stat', 'parry', '0', 'Stat', 'critic', '0', 1, '0000-00-00 00:00:00', '2018-01-15 20:25:28', 0),
(10354, 'Leather Hood 02', 'Assets/Dragonsan/Icons/Custom/Armors/Ranger02Hood 2.png', '0', '0', 'Armor', 'Leather', 'Head', 'Assets/Resources/Content/EquipmentDisplay/Uma/Ranger/UmaRanger02Hood 2.prefab', 3, 2, 0, 1, NULL, 4, 693, 0, 0, 0, '', 1.5, 'Leather Hood 02 Tooltip', NULL, NULL, NULL, 'Stat', 'health-max', '39', 'Stat', 'mana-max', '0', 'Stat', 'strength', '0', 'Stat', 'potential', '0', 'Stat', 'physical_defense', '76', 'Stat', 'magical_resistance', '42', 'Stat', 'movement_speed', '0', 'Stat', 'dexterity', '86', 'Stat', 'intelligence', '0', 'Stat', 'evasion', '86', 'Stat', 'parry', '0', 'Stat', 'critic', '0', 1, '0000-00-00 00:00:00', '2018-01-15 20:25:28', 0),
(10355, 'Cloth Tunic 02', 'Assets/Dragonsan/Icons/Custom/Armors/Mage02Upper 2.png', '0', '0', 'Armor', 'Cloth', 'Chest', 'Assets/Resources/Content/EquipmentDisplay/Uma/Mage/UmaMage02Upper 2.prefab', 3, 2, 0, 1, NULL, 4, 1260, 0, 0, 0, '', 1.5, 'Cloth Tunic 02 Tooltip', NULL, NULL, NULL, 'Stat', 'health-max', '71', 'Stat', 'mana-max', '155', 'Stat', 'strength', '0', 'Stat', 'potential', '0', 'Stat', 'physical_defense', '77', 'Stat', 'magical_resistance', '91', 'Stat', 'movement_speed', '0', 'Stat', 'dexterity', '0', 'Stat', 'intelligence', '119', 'Stat', 'evasion', '119', 'Stat', 'parry', '0', 'Stat', 'critic', '0', 1, '0000-00-00 00:00:00', '2018-01-15 20:25:28', 0),
(10356, 'Cloth Pants 02', 'Assets/Dragonsan/Icons/Custom/Armors/Mage02Lower 2.png', '0', '0', 'Armor', 'Cloth', 'Legs', 'Assets/Resources/Content/EquipmentDisplay/Uma/Mage/UmaMage02Lower 2.prefab', 3, 2, 0, 1, NULL, 4, 1033, 0, 0, 0, '', 1.5, 'Cloth Pants 02 Tooltip', NULL, NULL, NULL, 'Stat', 'health-max', '58', 'Stat', 'mana-max', '127', 'Stat', 'strength', '0', 'Stat', 'potential', '0', 'Stat', 'physical_defense', '62', 'Stat', 'magical_resistance', '74', 'Stat', 'movement_speed', '0', 'Stat', 'dexterity', '0', 'Stat', 'intelligence', '97', 'Stat', 'evasion', '97', 'Stat', 'parry', '0', 'Stat', 'critic', '0', 1, '0000-00-00 00:00:00', '2018-01-15 20:25:28', 0),
(10357, 'Cloth Shoulderplates 02', 'Assets/Dragonsan/Icons/Custom/Armors/Mage02Shoulder 2.png', '0', '0', 'Armor', 'Cloth', 'Shoulder', 'Assets/Resources/Content/EquipmentDisplay/Uma/Mage/UmaMage02Shoulder 2.prefab', 3, 2, 0, 1, NULL, 4, 882, 0, 0, 0, '', 1.5, 'Cloth Shoulderplates 02 Tooltip', NULL, NULL, NULL, 'Stat', 'health-max', '49', 'Stat', 'mana-max', '108', 'Stat', 'strength', '0', 'Stat', 'potential', '0', 'Stat', 'physical_defense', '53', 'Stat', 'magical_resistance', '63', 'Stat', 'movement_speed', '0', 'Stat', 'dexterity', '0', 'Stat', 'intelligence', '83', 'Stat', 'evasion', '83', 'Stat', 'parry', '0', 'Stat', 'critic', '0', 1, '0000-00-00 00:00:00', '2018-01-15 20:25:28', 0),
(10358, 'Cloth Gloves 02', 'Assets/Dragonsan/Icons/Custom/Armors/Mage02Gloves 2.png', '0', '0', 'Armor', 'Cloth', 'Hands', 'Assets/Resources/Content/EquipmentDisplay/Uma/Mage/UmaMage02Gloves 2.prefab', 3, 2, 0, 1, NULL, 4, 882, 0, 0, 0, '', 1.5, 'Cloth Gloves 02 Tooltip', NULL, NULL, NULL, 'Stat', 'health-max', '49', 'Stat', 'mana-max', '108', 'Stat', 'strength', '0', 'Stat', 'potential', '0', 'Stat', 'physical_defense', '53', 'Stat', 'magical_resistance', '63', 'Stat', 'movement_speed', '0', 'Stat', 'dexterity', '0', 'Stat', 'intelligence', '83', 'Stat', 'evasion', '83', 'Stat', 'parry', '0', 'Stat', 'critic', '0', 1, '0000-00-00 00:00:00', '2018-01-15 20:25:28', 0),
(10359, 'Cloth Shoes 02', 'Assets/Dragonsan/Icons/Custom/Armors/Mage02Boots 2.png', '0', '0', 'Armor', 'Cloth', 'Feet', 'Assets/Resources/Content/EquipmentDisplay/Uma/Mage/UmaMage02Boots 2.prefab', 3, 2, 0, 1, NULL, 4, 882, 0, 0, 0, '', 1.5, 'Cloth Shoes 02 Tooltip', NULL, NULL, NULL, 'Stat', 'health-max', '49', 'Stat', 'mana-max', '108', 'Stat', 'strength', '0', 'Stat', 'potential', '0', 'Stat', 'physical_defense', '53', 'Stat', 'magical_resistance', '63', 'Stat', 'movement_speed', '1', 'Stat', 'dexterity', '0', 'Stat', 'intelligence', '83', 'Stat', 'evasion', '83', 'Stat', 'parry', '0', 'Stat', 'critic', '0', 1, '0000-00-00 00:00:00', '2018-01-15 20:25:28', 0),
(10360, 'Cloth Hood 02', 'Assets/Dragonsan/Icons/Custom/Armors/Mage02Hood 2.png', '0', '0', 'Armor', 'Cloth', 'Head', 'Assets/Resources/Content/EquipmentDisplay/Uma/Mage/UmaMage02Hood 2.prefab', 3, 2, 0, 1, NULL, 4, 693, 0, 0, 0, '', 1.5, 'Cloth Hood 02 Tooltip', NULL, NULL, NULL, 'Stat', 'health-max', '39', 'Stat', 'mana-max', '85', 'Stat', 'strength', '0', 'Stat', 'potential', '0', 'Stat', 'physical_defense', '42', 'Stat', 'magical_resistance', '49', 'Stat', 'movement_speed', '0', 'Stat', 'dexterity', '0', 'Stat', 'intelligence', '65', 'Stat', 'evasion', '65', 'Stat', 'parry', '0', 'Stat', 'critic', '0', 1, '0000-00-00 00:00:00', '2018-01-15 20:25:28', 0),
(20001, 'Sword 10001', 'Assets/Dragonsan/Icons/Custom/Weapons/Greatsword/TwoHand00.png', '0', '0', 'Weapon', 'Greatsword', 'Two Hand', 'Assets/Resources/Content/EquipmentDisplay/Weapons/Greatsword/TwoHand00.prefab', 2, 0, 0, 1, NULL, 3, 60, 1, 29, 29, 'slash', 1.5, 'Sword 10001 Tooltip', NULL, NULL, NULL, 'Stat', 'health-max', '0', 'Stat', 'mana-max', '0', 'Stat', 'strength', '29', 'Stat', 'potential', '0', 'Stat', 'physical_defense', '0', 'Stat', 'magical_resistance', '0', 'Weight', '~ none ~', '150', 'Stat', 'dexterity', '0', 'Stat', 'intelligence', '0', 'Stat', 'evasion', '0', 'Stat', 'parry', '50', 'Stat', 'critic', '50', 1, '0000-00-00 00:00:00', '2018-03-17 19:46:50', 0),
(20002, 'Bow 10001', 'Assets/Dragonsan/Icons/Custom/Weapons/Bow/Bow02.png', '0', '0', 'Weapon', 'Bow', 'Two Hand', 'Assets/Resources/Content/EquipmentDisplay/Weapons/Bow/Bow02.prefab', 2, 0, 0, 1, NULL, 3, 60, 1, 26, 26, 'pierce', 1.5, 'Bow 10001 Tooltip', NULL, NULL, NULL, 'Stat', 'health-max', '0', 'Stat', 'mana-max', '0', 'Stat', 'strength', '26', 'Stat', 'potential', '0', 'Stat', 'physical_defense', '0', 'Stat', 'magical_resistance', '0', 'Weight', 'movement_speed', '150', 'Stat', 'dexterity', '0', 'Stat', 'intelligence', '0', 'Stat', 'evasion', '0', 'Stat', 'parry', '0', 'Stat', 'critic', '100', 1, '0000-00-00 00:00:00', '2018-03-15 11:55:24', 0),
(20003, 'Staff 10001', 'Assets/Dragonsan/Icons/Custom/Weapons/Staff/Staff00.png', '0', '0', 'Weapon', 'Staff', 'Two Hand', 'Assets/Resources/Content/EquipmentDisplay/Weapons/Staff/Staff00.prefab', 2, 0, 0, 1, NULL, 3, 60, 1, 23, 23, 'magical', 1.5, 'Staff 10001 Tooltip', NULL, NULL, NULL, 'Stat', 'health-max', '0', 'Stat', 'mana-max', '0', 'Stat', 'strength', '0', 'Stat', 'potential', '23', 'Stat', 'physical_defense', '0', 'Stat', 'magical_resistance', '0', 'Weight', 'weight', '150', 'Stat', 'dexterity', '0', 'Stat', 'intelligence', '0', 'Stat', 'evasion', '0', 'Stat', 'parry', '0', 'Stat', 'critic', '50', 1, '0000-00-00 00:00:00', '2018-03-15 11:55:42', 0),
(20004, 'Sword 10002', 'Assets/Dragonsan/Icons/Custom/Weapons/Greatsword/TwoHand00.png', '0', '0', 'Weapon', 'Greatsword', 'Two Hand', 'Assets/Resources/Content/EquipmentDisplay/Weapons/Greatsword/TwoHand00.prefab', 3, 0, 0, 1, NULL, 4, 240, 1, 90, 180, 'slash', 1.5, 'Sword 10002 Tooltip', NULL, NULL, NULL, 'Stat', 'health-max', '0', 'Stat', 'mana-max', '0', 'Stat', 'strength', '45', 'Stat', 'potential', '0', 'Stat', 'physical_defense', '0', 'Stat', 'magical_resistance', '0', 'Weight', 'movement_speed', '200', 'Stat', 'dexterity', '0', 'Stat', 'intelligence', '0', 'Stat', 'evasion', '0', 'Stat', 'parry', '50', 'Stat', 'critic', '50', 1, '0000-00-00 00:00:00', '2018-03-23 15:17:46', 0),
(20005, 'Bow 10002', 'Assets/Dragonsan/Icons/Custom/Weapons/Bow/Bow02.png', '0', '0', 'Weapon', 'Bow', 'Two Hand', 'Assets/Resources/Content/EquipmentDisplay/Weapons/Bow/Bow02.prefab', 3, 0, 0, 1, NULL, 4, 240, 1, 82, 164, 'pierce', 1.5, 'Bow 10002 Tooltip', NULL, NULL, NULL, 'Stat', 'health-max', '0', 'Stat', 'mana-max', '0', 'Stat', 'strength', '41', 'Stat', 'potential', '0', 'Stat', 'physical_defense', '0', 'Stat', 'magical_resistance', '0', 'Weight', 'movement_speed', '200', 'Stat', 'dexterity', '0', 'Stat', 'intelligence', '0', 'Stat', 'evasion', '0', 'Stat', 'parry', '0', 'Stat', 'critic', '100', 1, '0000-00-00 00:00:00', '2018-03-23 15:18:10', 0),
(20006, 'Staff 10002', 'Assets/Dragonsan/Icons/Custom/Weapons/Staff/Staff00.png', '0', '0', 'Weapon', 'Staff', 'Two Hand', 'Assets/Resources/Content/EquipmentDisplay/Weapons/Staff/Staff00.prefab', 3, 0, 0, 1, NULL, 4, 240, 1, 108, 216, 'magical', 1.5, 'Staff 10002 Tooltip', NULL, NULL, NULL, 'Stat', 'health-max', '0', 'Stat', 'mana-max', '0', 'Stat', 'strength', '0', 'Stat', 'potential', '36', 'Stat', 'physical_defense', '0', 'Stat', 'magical_resistance', '0', 'Weight', 'movement_speed', '200', 'Stat', 'dexterity', '0', 'Stat', 'intelligence', '0', 'Stat', 'evasion', '0', 'Stat', 'parry', '0', 'Stat', 'critic', '50', 1, '0000-00-00 00:00:00', '2018-03-23 15:18:27', 0),
(100001, 'Junk001', 'Assets/OtherPackages/Icons/herb.PNG', '0', '0', 'Junk', '', '', '', 1, 0, 0, 99, NULL, 3, 12, 1, 0, 0, '', 1.5, 'Junk001 Tooltip', NULL, NULL, NULL, 'Weight', '', '5', '', '', '', '', '', '', '', '', '', '', '', '', '', '', '', '', '', '', '', '', '', '', '', '', '', '', '', '', '', '', '', '', '', 1, '0000-00-00 00:00:00', '2018-03-15 11:57:39', 0),
(100002, 'Junk002', 'Assets/OtherPackages/Icons/herb.PNG', '0', '0', 'Junk', '', '', '', 1, 0, 0, 99, NULL, 3, 15, 1, 0, 0, '', 1.5, 'Junk002 Tooltip', NULL, NULL, NULL, 'Weight', '', '5', '', '', '', '', '', '', '', '', '', '', '', '', '', '', '', '', '', '', '', '', '', '', '', '', '', '', '', '', '', '', '', '', '', 1, '0000-00-00 00:00:00', '2018-03-15 11:57:54', 0),
(100003, 'Junk003', 'Assets/OtherPackages/Icons/herb.PNG', '0', '0', 'Junk', '', '', '', 1, 0, 0, 99, NULL, 3, 17, 1, 0, 0, '', 1.5, 'Junk003 Tooltip', NULL, NULL, NULL, 'Weight', '', '5', '', '', '', '', '', '', '', '', '', '', '', '', '', '', '', '', '', '', '', '', '', '', '', '', '', '', '', '', '', '', '', '', '', 1, '0000-00-00 00:00:00', '2018-03-15 11:58:06', 0),
(100004, 'Junk004', 'Assets/OtherPackages/Icons/herb.PNG', '0', '0', 'Junk', '', '', '', 1, 0, 0, 99, NULL, 3, 12, 1, 0, 0, '', 1.5, 'Junk004 Tooltip', NULL, NULL, NULL, 'Weight', '', '5', '', '', '', '', '', '', '', '', '', '', '', '', '', '', '', '', '', '', '', '', '', '', '', '', '', '', '', '', '', '', '', '', '', 1, '0000-00-00 00:00:00', '2018-03-15 11:58:19', 0),
(100005, 'Junk005', 'Assets/OtherPackages/Icons/herb.PNG', '0', '0', 'Junk', '', '', '', 1, 0, 0, 99, NULL, 3, 20, 1, 0, 0, '', 1.5, 'Junk005 Tooltip', NULL, NULL, NULL, 'Weight', '', '5', '', '', '', '', '', '', '', '', '', '', '', '', '', '', '', '', '', '', '', '', '', '', '', '', '', '', '', '', '', '', '', '', '', 1, '0000-00-00 00:00:00', '2018-03-15 11:58:33', 0),
(100006, 'Junk006', 'Assets/OtherPackages/Icons/herb.PNG', '0', '0', 'Junk', '', '', '', 1, 0, 0, 99, NULL, 3, 25, 1, 0, 0, '', 1.5, 'Junk006 Tooltip', NULL, NULL, NULL, 'Weight', '', '5', '', '', '', '', '', '', '', '', '', '', '', '', '', '', '', '', '', '', '', '', '', '', '', '', '', '', '', '', '', '', '', '', '', 1, '0000-00-00 00:00:00', '2018-03-15 11:58:46', 0),
(100007, 'Junk007', 'Assets/OtherPackages/Icons/herb.PNG', '0', '0', 'Junk', '', '', '', 1, 0, 0, 99, NULL, 3, 12, 1, 0, 0, '', 1.5, 'Junk007 Tooltip', NULL, NULL, NULL, 'Weight', '', '5', '', '', '', '', '', '', '', '', '', '', '', '', '', '', '', '', '', '', '', '', '', '', '', '', '', '', '', '', '', '', '', '', '', 1, '0000-00-00 00:00:00', '2018-03-15 11:59:02', 0),
(100008, 'Junk008', 'Assets/OtherPackages/Icons/herb.PNG', '0', '0', 'Junk', '', '', '', 1, 0, 0, 99, NULL, 3, 18, 1, 0, 0, '', 1.5, 'Junk008 Tooltip', NULL, NULL, NULL, 'Weight', '', '5', '', '', '', '', '', '', '', '', '', '', '', '', '', '', '', '', '', '', '', '', '', '', '', '', '', '', '', '', '', '', '', '', '', 1, '0000-00-00 00:00:00', '2018-03-15 11:59:20', 0),
(100009, 'Junk009', 'Assets/OtherPackages/Icons/herb.PNG', '0', '0', 'Junk', '', '', '', 1, 0, 0, 99, NULL, 3, 25, 1, 0, 0, '', 1.5, 'Junk009 Tooltip', NULL, NULL, NULL, 'Weight', '', '5', '', '', '', '', '', '', '', '', '', '', '', '', '', '', '', '', '', '', '', '', '', '', '', '', '', '', '', '', '', '', '', '', '', 1, '0000-00-00 00:00:00', '2018-03-15 11:59:35', 0),
(100010, 'Junk010', 'Assets/OtherPackages/Icons/herb.PNG', '0', '0', 'Junk', '', '', '', 1, 0, 0, 99, NULL, 3, 25, 1, 0, 0, '', 1.5, 'Junk010 Tooltip', NULL, NULL, NULL, 'Weight', '', '5', '', '', '', '', '', '', '', '', '', '', '', '', '', '', '', '', '', '', '', '', '', '', '', '', '', '', '', '', '', '', '', '', '', 1, '0000-00-00 00:00:00', '2018-03-15 11:59:48', 0),
(501187, 'Bomber Bug Tooth', 'Assets/OtherPackages/Icons/tooth.PNG', '0', '0', 'Quest', '', '', '', 1, 2, 0, 99, NULL, -1, 0, 0, 0, 0, '', 1.5, 'Bomber Bug Tooth Tooltip', NULL, NULL, NULL, '', '', '', '', '', '', '', '', '', '', '', '', '', '', '', '', '', '', '', '', '', '', '', '', '', '', '', '', '', '', '', '', '', '', '', '', 1, '0000-00-00 00:00:00', '2018-01-15 20:35:40', 0),
(501188, 'Iron Ore', 'Assets/OtherPackages/Icons/Rocks.png', '0', '0', 'Material', '', '', '', 1, 0, 0, 99, NULL, 3, 10, 1, 0, 0, '', 1.5, 'Material for crafting', NULL, NULL, NULL, 'Weight', '', '5', '', '', '', '', '', '', '', '', '', '', '', '', '', '', '', '', '', '', '', '', '', '', '', '', '', '', '', '', '', '', '', '', '', 1, '0000-00-00 00:00:00', '2018-03-15 12:00:13', 0),
(501189, 'Iron Bar', 'Assets/OtherPackages/RPG_inventory_icons/ingots.png', '0', '0', 'Material', '', '', '', 1, 0, 0, 99, NULL, 3, 25, 1, 0, 0, '', 1.5, 'Material for crafting', NULL, NULL, NULL, 'Weight', '', '5', '', '', '', '', '', '', '', '', '', '', '', '', '', '', '', '', '', '', '', '', '', '', '', '', '', '', '', '', '', '', '', '', '', 1, '0000-00-00 00:00:00', '2018-03-15 12:00:30', 0),
(501190, 'Coal', 'Assets/OtherPackages/Icons/Coal.png', '0', '0', 'Material', '', '', '', 1, 0, 0, 99, NULL, 3, 10, 1, 0, 0, '', 1.5, 'Material for crafting', NULL, NULL, NULL, 'Weight', '', '5', '', '', '', '', '', '', '', '', '', '', '', '', '', '', '', '', '', '', '', '', '', '', '', '', '', '', '', '', '', '', '', '', '', 1, '0000-00-00 00:00:00', '2018-03-15 12:00:49', 0),
(501191, 'Ring', 'Assets/Dragonsan/Icons/Custom/Jewels/Rings/Ring.png', '0', '0', 'Armor', 'Jewelry', 'Ring', '', 2, 0, 0, 1, NULL, 3, 120, 1, 0, 0, '', 1.5, 'Common Ring', NULL, NULL, NULL, 'Stat', 'health-max', '50', '', '', '', '', '', '', '', '', '', '', '', '', '', '', '', '', '', '', '', '', '', '', '', '', '', '', '', '', '', '', '', '', '', 1, '0000-00-00 00:00:00', '2018-03-07 00:37:17', 0),
(501192, 'Necklace', 'Assets/Dragonsan/Icons/Custom/Jewels/Necklace/Necklace.png', '0', '0', 'Armor', 'Jewelry', 'Neck', '', 2, 0, 0, 1, NULL, 3, 120, 1, 0, 0, '', 1.5, 'Common Necklace', NULL, NULL, NULL, 'Stat', 'health-max', '100', '', '', '', '', '', '', '', '', '', '', '', '', '', '', '', '', '', '', '', '', '', '', '', '', '', '', '', '', '', '', '', '', '', 1, '0000-00-00 00:00:00', '2018-03-07 00:37:53', 0),
(501193, 'Crafting Recipe - Ring', 'Assets/OtherPackages/Fantasy RPG Icon Set- Free/Icons/Scroll.png', '0', '0', 'Material', '', '', '', 2, 0, 0, 1, NULL, 3, 100, 1, 0, 0, '', 1.5, 'Crafting Recipe - Ring Tooltip', NULL, NULL, NULL, 'CraftsItem', '', '2', '', '', '', '', '', '', '', '', '', '', '', '', '', '', '', '', '', '', '', '', '', '', '', '', '', '', '', '', '', '', '', '', '', 1, '0000-00-00 00:00:00', '2018-01-15 22:12:35', 0),
(501194, 'Crafting Recipe - Necklace', 'Assets/OtherPackages/Fantasy RPG Icon Set- Free/Icons/Scroll.png', '0', '0', 'Material', '', '', '', 2, 0, 0, 1, NULL, 3, 100, 1, 0, 0, '', 1.5, 'Crafting Recipe - Necklace Tooltip', NULL, NULL, NULL, 'CraftsItem', '', '3', '', '', '', '', '', '', '', '', '', '', '', '', '', '', '', '', '', '', '', '', '', '', '', '', '', '', '', '', '', '', '', '', '', 1, '0000-00-00 00:00:00', '2018-01-15 22:12:48', 0),
(501195, 'Crafting Recipe - Iron Bar', 'Assets/OtherPackages/Fantasy RPG Icon Set- Free/Icons/Scroll.png', '0', '0', 'Material', '', '', '', 2, 0, 0, 1, NULL, 3, 50, 1, 0, 0, '', 1.5, 'Crafting Recipe - Iron Bar Tooltip', NULL, NULL, NULL, 'CraftsItem', '', '4', '', '', '', '', '', '', '', '', '', '', '', '', '', '', '', '', '', '', '', '', '', '', '', '', '', '', '', '', '', '', '', '', '', 1, '0000-00-00 00:00:00', '2018-01-15 22:12:58', 0),
(501196, 'Crafting Recipe - Iron Bar 1', 'Assets/OtherPackages/Fantasy RPG Icon Set- Free/Icons/Scroll.png', '0', '0', 'Material', '', '', '', 2, 0, 0, 1, NULL, 3, 50, 1, 0, 0, '', 1.5, 'Crafting Recipe - Iron Bar Tooltip', NULL, NULL, NULL, 'CraftsItem', '', '0', '', '', '', '', '', '', '', '', '', '', '', '', '', '', '', '', '', '', '', '', '', '', '', '', '', '', '', '', '', '', '', '', '', 0, '0000-00-00 00:00:00', '2018-01-15 22:08:19', 0),
(501197, 'Earring', 'Assets/Dragonsan/Icons/Custom/Jewels/Earrings/Earring.png', '0', '0', 'Armor', 'Jewelry', 'Earring', '', 2, 0, 0, 1, NULL, 3, 120, 1, 0, 0, '', 1.5, 'Common Necklace', NULL, NULL, NULL, 'Stat', 'health-max', '100', '', '', '', '', '', '', '', '', '', '', '', '', '', '', '', '', '', '', '', '', '', '', '', '', '', '', '', '', '', '', '', '', '', 1, '0000-00-00 00:00:00', '2018-03-18 23:22:32', 0),
(501198, 'Crafting Recipe - Earring', 'Assets/OtherPackages/Fantasy RPG Icon Set- Free/Icons/Scroll.png', '0', '0', 'Material', '', '', '', 2, 0, 0, 1, NULL, 3, 100, 1, 0, 0, '', 1.5, 'Crafting Recipe - Necklace Tooltip', NULL, NULL, NULL, 'CraftsItem', '', '5', '', '', '', '', '', '', '', '', '', '', '', '', '', '', '', '', '', '', '', '', '', '', '', '', '', '', '', '', '', '', '', '', '', 1, '0000-00-00 00:00:00', '2018-03-07 00:39:49', 0),
(501199, 'Bomber Bug Pet', 'Assets/OtherPackages/Icons/BomberBug06.png', '0', '0', 'Consumable', '', '', '', 3, 0, 0, 1, NULL, -1, 0, 0, 0, 0, '', 1.5, 'Summon your Bomber Bug Companion', NULL, NULL, NULL, 'UseAbility', '', '220008', '', '', '', '', '', '', '', '', '', '', '', '', '', '', '', '', '', '', '', '', '', '', '', '', '', '', '', '', '', '', '', '', '', 1, '0000-00-00 00:00:00', '2018-03-15 23:08:36', 0),
(501200, 'Bomber Bug Wild', 'Assets/OtherPackages/Icons/BomberBug06.png', '0', '0', 'Consumable', '', '', '', 2, 0, 0, 1, NULL, -1, 0, 0, 0, 0, '', 1.5, 'Summon your Bomber Bug Companion', NULL, NULL, NULL, 'UseAbility', '', '90190', '', '', '', '', '', '', '', '', '', '', '', '', '', '', '', '', '', '', '', '', '', '', '', '', '', '', '', '', '', '', '', '', '', 1, '0000-00-00 00:00:00', '2018-03-14 00:48:39', 0),
(501201, 'Metalsmithing Skillbook', 'Assets/OtherPackages/RPG_inventory_icons/book.PNG', '0', '0', 'Consumable', '', '', '', 2, 0, 0, 1, NULL, 3, 50, 1, 0, 0, '', 1.5, 'This book allows you to learn new skill', NULL, NULL, NULL, 'UseAbility', '', '220002', 'Weight', '', '1', '', '', '', '', '', '', '', '', '', '', '', '', '', '', '', '', '', '', '', '', '', '', '', '', '', '', '', '', '', '', 1, '0000-00-00 00:00:00', '0000-00-00 00:00:00', 0),
(501202, 'Woodworking Skillbook', 'Assets/OtherPackages/RPG_inventory_icons/book.PNG', '0', '0', 'Consumable', '', '', '', 2, 0, 0, 1, NULL, 3, 50, 1, 0, 0, '', 1.5, 'This book allows you to learn new skill', NULL, NULL, NULL, 'UseAbility', '', '220003', 'Weight', '', '1', '', '', '', '', '', '', '', '', '', '', '', '', '', '', '', '', '', '', '', '', '', '', '', '', '', '', '', '', '', '', 1, '0000-00-00 00:00:00', '2018-03-15 13:31:07', 0),
(501203, 'Tailoring Skillbook', 'Assets/OtherPackages/RPG_inventory_icons/book.PNG', '0', '0', 'Consumable', '', '', '', 2, 0, 0, 1, NULL, 3, 50, 1, 0, 0, '', 1.5, 'This book allows you to learn new skill', NULL, NULL, NULL, 'UseAbility', '', '220004', 'Weight', '', '1', '', '', '', '', '', '', '', '', '', '', '', '', '', '', '', '', '', '', '', '', '', '', '', '', '', '', '', '', '', '', 1, '0000-00-00 00:00:00', '2018-03-15 13:31:28', 0),
(501204, 'Alchemy Skillbook', 'Assets/OtherPackages/RPG_inventory_icons/book.PNG', '0', '0', 'Consumable', '', '', '', 2, 0, 0, 1, NULL, 3, 50, 1, 0, 0, '', 1.5, 'This book allows you to learn new skill', NULL, NULL, NULL, 'UseAbility', '', '220005', 'Weight', '', '1', '', '', '', '', '', '', '', '', '', '', '', '', '', '', '', '', '', '', '', '', '', '', '', '', '', '', '', '', '', '', 1, '0000-00-00 00:00:00', '2018-03-15 13:31:46', 0),
(501205, 'Jeweling Skillbook', 'Assets/OtherPackages/RPG_inventory_icons/book.PNG', '0', '0', 'Consumable', '', '', '', 2, 0, 0, 1, NULL, 3, 50, 1, 0, 0, '', 1.5, 'This book allows you to learn new skill', NULL, NULL, NULL, 'UseAbility', '', '220006', 'Weight', '', '1', '', '', '', '', '', '', '', '', '', '', '', '', '', '', '', '', '', '', '', '', '', '', '', '', '', '', '', '', '', '', 1, '0000-00-00 00:00:00', '2018-03-15 13:32:12', 0),
(501206, 'Cooking Skillbook', 'Assets/OtherPackages/RPG_inventory_icons/book.PNG', '0', '0', 'Consumable', '', '', '', 2, 0, 0, 1, NULL, 3, 50, 1, 0, 0, '', 1.5, 'This book allows you to learn new skill', NULL, NULL, NULL, 'UseAbility', '', '220007', 'Weight', '', '1', '', '', '', '', '', '', '', '', '', '', '', '', '', '', '', '', '', '', '', '', '', '', '', '', '', '', '', '', '', '', 1, '0000-00-00 00:00:00', '2018-03-15 13:32:32', 0),
(501207, '100m2 Land Deed', 'Assets/OtherPackages/RPG_inventory_icons/scroll.png', '0', '0', 'Consumable', '', '', '', 3, 0, 0, 1, NULL, 3, 10, 1, 0, 0, '', 1.5, 'Grants the owner the deed to a chunk of land (10m x 10m). Click to place your claimed piece of land.', NULL, NULL, NULL, 'CreateClaim', '', '10', '', '', '', '', '', '', '', '', '', '', '', '', '', '', '', '', '', '', '', '', '', '', '', '', '', '', '', '', '', '', '', '', '', 1, '0000-00-00 00:00:00', '0000-00-00 00:00:00', 0),
(501208, 'Bag of Goods', 'Assets/OtherPackages/Icons/Bag_02.png', '0', '0', 'Consumable', '', '', '', 1, 0, 0, 20, NULL, 3, 15, 1, 0, 0, '', 1.5, 'Bag of Goods which will give you items randomly generated from attached loot tables.', NULL, NULL, NULL, 'UseAbility', '', '220009', '', '', '', '', '', '', '', '', '', '', '', '', '', '', '', '', '', '', '', '', '', '', '', '', '', '', '', '', '', '', '', '', '', 1, '0000-00-00 00:00:00', '0000-00-00 00:00:00', 0),
(501209, 'Health Potion', 'Assets/OtherPackages/RPG_inventory_icons/hp.png', '0', '0', 'Consumable', '', '', '', 2, 0, 0, 100, NULL, 3, 5, 1, 0, 0, '', 1.5, 'Health potion restores 150 base health points. Depends on your Magic Power - Potential.', NULL, NULL, NULL, 'UseAbility', '', '220010', '', '', '', '', '', '', '', '', '', '', '', '', '', '', '', '', '', '', '', '', '', '', '', '', '', '', '', '', '', '', '', '', '', 1, '0000-00-00 00:00:00', '2018-03-20 14:35:05', 0),
(501210, 'Mana Potion', 'Assets/OtherPackages/Icons/bottle.PNG', '0', '0', 'Consumable', '', '', '', 2, 0, 0, 100, NULL, 3, 5, 1, 0, 0, '', 1.5, 'Mana potion restores 300 base mana points. Depends on your Magic Power - Potential.', NULL, NULL, NULL, 'UseAbility', '', '220011', '', '', '', '', '', '', '', '', '', '', '', '', '', '', '', '', '', '', '', '', '', '', '', '', '', '', '', '', '', '', '', '', '', 1, '0000-00-00 00:00:00', '2018-03-20 14:35:46', 0),
(501211, '400m2 Land Deed', 'Assets/OtherPackages/RPG_inventory_icons/scroll.png', '0', '0', 'Consumable', '', '', '', 4, 0, 0, 1, NULL, 3, 150, 1, 0, 0, '', 1.5, 'Grants the owner the deed to a chunk of land (20m x 20m). Click to place your claimed piece of land.', NULL, NULL, NULL, 'CreateClaim', '', '20', '', '', '', '', '', '', '', '', '', '', '', '', '', '', '', '', '', '', '', '', '', '', '', '', '', '', '', '', '', '', '', '', '', 1, '0000-00-00 00:00:00', '2018-03-20 20:50:34', 0),
(501212, 'Starting Quest Item', 'Assets/AtavismObjects/Scripts/UI Components/Cursor/Cursor_Speak.png', '0', '0', 'Consumable', '', '', '', 1, 0, 0, 1, NULL, -1, 0, 1, 0, 0, '', 1.5, '', NULL, NULL, NULL, 'StartQuest', '', '2', '', '', '', '', '', '', '', '', '', '', '', '', '', '', '', '', '', '', '', '', '', '', '', '', '', '', '', '', '', '', '', '', '', 1, '0000-00-00 00:00:00', '0000-00-00 00:00:00', 0),
(501213, 'Bomber Bug Pet Non Combat', 'Assets/OtherPackages/Icons/BomberBug06.png', '0', '0', 'Consumable', '', '', '', 3, 0, 0, 1, NULL, -1, 0, 0, 0, 0, '', 1.5, 'Summon your Bomber Bug Companion Non Combat version', NULL, NULL, NULL, 'UseAbility', '', '220013', '', '', '', '', '', '', '', '', '', '', '', '', '', '', '', '', '', '', '', '', '', '', '', '', '', '', '', '', '', '', '', '', '', 1, '0000-00-00 00:00:00', '2018-03-22 20:03:06', 0);

--
-- Inserting data into table item_templates_options
--
INSERT INTO item_templates_options(id, item_id, editor_option_type_id, editor_option_choice_type_id, required_value, isactive, creationtimestamp, updatetimestamp) VALUES
(2, 20004, 74, '', 5, 1, NULL, '2018-03-23 15:17:46'),
(3, 20005, 74, '', 5, 1, NULL, '2018-03-23 15:18:10'),
(4, 20006, 74, '', 5, 1, NULL, '2018-03-23 15:18:27'),
(5, 10360, 74, '', 5, 1, NULL, NULL),
(6, 10359, 74, '', 5, 1, NULL, NULL),
(7, 10358, 74, '', 5, 1, NULL, NULL),
(8, 10357, 74, '', 5, 1, NULL, NULL),
(9, 10356, 74, '', 5, 1, NULL, NULL),
(10, 10355, 74, '', 5, 1, NULL, NULL),
(11, 10354, 74, '', 5, 1, NULL, NULL),
(12, 10353, 74, '', 5, 1, NULL, NULL),
(13, 10352, 74, '', 5, 1, NULL, NULL),
(14, 10351, 74, '', 5, 1, NULL, NULL),
(15, 10350, 74, '', 5, 1, NULL, NULL),
(16, 10349, 74, '', 5, 1, NULL, NULL),
(17, 10348, 74, '', 5, 1, NULL, NULL),
(18, 10347, 74, '', 5, 1, NULL, NULL),
(19, 10346, 74, '', 5, 1, NULL, NULL),
(20, 10345, 74, '', 5, 1, NULL, NULL),
(21, 10344, 74, '', 5, 1, NULL, NULL),
(22, 10343, 74, '', 5, 1, NULL, NULL);

--
-- Inserting data into table loot_tables
--
INSERT INTO loot_tables(id, name, item1, item1count, item1chance, item2, item2count, item2chance, item3, item3count, item3chance, item4, item4count, item4chance, item5, item5count, item5chance, item6, item6count, item6chance, item7, item7count, item7chance, item8, item8count, item8chance, item9, item9count, item9chance, item10, item10count, item10chance, category, isactive, creationtimestamp, updatetimestamp) VALUES
(10291, 'BomberBugTooth', 501187, 1, 100, -1, 0, 0, -1, 0, 0, -1, 0, 0, -1, 0, 0, -1, 0, 0, -1, 0, 0, -1, 0, 0, -1, 0, 0, -1, 0, 0, NULL, 1, '0000-00-00 00:00:00', '0000-00-00 00:00:00'),
(10292, 'Junk1', 100001, 1, 10, 100002, 1, 20, 100003, 1, 30, 100004, 1, 40, 100005, 1, 50, -1, 0, 0, -1, 0, 0, -1, 0, 0, -1, 0, 0, -1, 0, 0, NULL, 1, '0000-00-00 00:00:00', '0000-00-00 00:00:00'),
(10293, 'Junk2', 100006, 1, 10, 100007, 1, 20, 100008, 1, 30, 100009, 1, 40, 100010, 1, 50, -1, 0, 0, -1, 0, 0, -1, 0, 0, -1, 0, 0, -1, 0, 0, NULL, 1, '0000-00-00 00:00:00', '2018-03-12 17:36:54');

--
-- Updating data of table merchant_item
--
UPDATE merchant_item SET isactive = 0, updatetimestamp = '2018-03-20 21:32:48' WHERE id = 1;
UPDATE merchant_item SET isactive = 0, updatetimestamp = '2018-03-20 21:32:48' WHERE id = 2;
UPDATE merchant_item SET isactive = 0, updatetimestamp = '2018-03-20 21:32:48' WHERE id = 3;
UPDATE merchant_item SET isactive = 0, updatetimestamp = '2018-03-20 21:32:48' WHERE id = 4;

--
-- Inserting data into table merchant_item
--
INSERT INTO merchant_item(id, tableID, itemID, count, refreshTime, isactive, creationtimestamp, updatetimestamp) VALUES
(4035, 42, 10343, -1, 0, 1, '0000-00-00 00:00:00', '0000-00-00 00:00:00'),
(4036, 42, 10344, -1, 0, 1, '0000-00-00 00:00:00', '0000-00-00 00:00:00'),
(4037, 42, 10345, -1, 0, 1, '0000-00-00 00:00:00', '0000-00-00 00:00:00'),
(4038, 42, 10346, -1, 0, 1, '0000-00-00 00:00:00', '0000-00-00 00:00:00'),
(4039, 42, 10347, -1, 0, 1, '0000-00-00 00:00:00', '0000-00-00 00:00:00'),
(4040, 42, 10348, -1, 0, 1, '0000-00-00 00:00:00', '0000-00-00 00:00:00'),
(4041, 42, 10349, -1, 0, 1, '0000-00-00 00:00:00', '0000-00-00 00:00:00'),
(4042, 42, 10350, -1, 0, 1, '0000-00-00 00:00:00', '0000-00-00 00:00:00'),
(4043, 42, 10351, -1, 0, 1, '0000-00-00 00:00:00', '0000-00-00 00:00:00'),
(4044, 42, 10352, -1, 0, 1, '0000-00-00 00:00:00', '0000-00-00 00:00:00'),
(4045, 42, 10353, -1, 0, 1, '0000-00-00 00:00:00', '0000-00-00 00:00:00'),
(4046, 42, 10354, -1, 0, 1, '0000-00-00 00:00:00', '0000-00-00 00:00:00'),
(4047, 42, 10355, -1, 0, 1, '0000-00-00 00:00:00', '0000-00-00 00:00:00'),
(4048, 42, 10356, -1, 0, 1, '0000-00-00 00:00:00', '0000-00-00 00:00:00'),
(4049, 42, 10357, -1, 0, 1, '0000-00-00 00:00:00', '0000-00-00 00:00:00'),
(4050, 42, 10358, -1, 0, 1, '0000-00-00 00:00:00', '0000-00-00 00:00:00'),
(4051, 42, 10359, -1, 0, 1, '0000-00-00 00:00:00', '0000-00-00 00:00:00'),
(4052, 42, 10360, -1, 0, 1, '0000-00-00 00:00:00', '0000-00-00 00:00:00'),
(4053, 42, 20004, -1, 0, 1, '0000-00-00 00:00:00', '0000-00-00 00:00:00'),
(4054, 42, 20005, -1, 0, 1, '0000-00-00 00:00:00', '0000-00-00 00:00:00'),
(4055, 42, 20006, -1, 0, 1, '0000-00-00 00:00:00', '0000-00-00 00:00:00'),
(4056, 43, 501190, -1, 0, 1, '0000-00-00 00:00:00', '2018-03-20 21:31:59'),
(4057, 44, 501201, -1, 0, 1, '0000-00-00 00:00:00', '0000-00-00 00:00:00'),
(4058, 44, 501202, -1, 0, 1, '0000-00-00 00:00:00', '0000-00-00 00:00:00'),
(4059, 44, 501203, -1, 0, 1, '0000-00-00 00:00:00', '0000-00-00 00:00:00'),
(4060, 44, 501204, -1, 0, 1, '0000-00-00 00:00:00', '0000-00-00 00:00:00'),
(4061, 44, 501205, -1, 0, 1, '0000-00-00 00:00:00', '0000-00-00 00:00:00'),
(4062, 44, 501206, -1, 0, 1, '0000-00-00 00:00:00', '0000-00-00 00:00:00'),
(4063, 43, 501193, -1, 0, 1, '0000-00-00 00:00:00', '2018-03-20 21:31:59'),
(4064, 43, 501194, -1, 0, 1, '0000-00-00 00:00:00', '2018-03-20 21:31:59'),
(4065, 43, 501195, -1, 0, 1, '0000-00-00 00:00:00', '2018-03-20 21:31:59'),
(4066, 43, 501198, -1, 0, 1, '0000-00-00 00:00:00', '2018-03-20 21:31:59'),
(4067, 43, 501201, -1, 0, 1, '0000-00-00 00:00:00', '2018-03-20 21:31:59'),
(4068, 43, 501202, -1, 0, 1, '0000-00-00 00:00:00', '2018-03-20 21:31:59'),
(4069, 43, 501203, -1, 0, 1, '0000-00-00 00:00:00', '2018-03-20 21:31:59'),
(4070, 43, 501204, -1, 0, 1, '0000-00-00 00:00:00', '2018-03-20 21:31:59'),
(4071, 43, 501205, -1, 0, 1, '0000-00-00 00:00:00', '2018-03-20 21:31:59'),
(4072, 43, 501206, -1, 0, 1, '0000-00-00 00:00:00', '2018-03-20 21:31:59'),
(4073, 43, 2, -1, 0, 1, '0000-00-00 00:00:00', '0000-00-00 00:00:00'),
(4074, 45, 20005, -1, 0, 1, '0000-00-00 00:00:00', '0000-00-00 00:00:00'),
(4075, 45, 20004, -1, 0, 1, '0000-00-00 00:00:00', '0000-00-00 00:00:00'),
(4076, 45, 20006, -1, 0, 1, '0000-00-00 00:00:00', '0000-00-00 00:00:00');

--
-- Updating data of table merchant_tables
--
UPDATE merchant_tables SET isactive = 0, updatetimestamp = '2018-03-20 21:32:48' WHERE id = 1;

--
-- Inserting data into table merchant_tables
--
INSERT INTO merchant_tables(id, name, isactive, creationtimestamp, updatetimestamp) VALUES
(42, 'MerchantTable1', 1, '0000-00-00 00:00:00', '0000-00-00 00:00:00'),
(43, 'Materials', 1, '0000-00-00 00:00:00', '2018-03-20 21:31:59'),
(44, 'Skillbooks Merchant Table', 1, '0000-00-00 00:00:00', '0000-00-00 00:00:00'),
(45, 'Merchant Table Claim', 1, '0000-00-00 00:00:00', '0000-00-00 00:00:00');

--
-- Inserting data into table mob_loot
--
INSERT INTO mob_loot(id, category, mobTemplate, lootTable, dropChance, isactive, creationtimestamp, updatetimestamp) VALUES
(478, 0, 10001, 10291, 100, 1, '0000-00-00 00:00:00', '0000-00-00 00:00:00'),
(479, 0, 10001, 10292, 50, 1, '0000-00-00 00:00:00', '0000-00-00 00:00:00'),
(480, 0, 10001, 10293, 10, 1, '0000-00-00 00:00:00', '0000-00-00 00:00:00'),
(481, 0, 10000, 10292, 100, 1, '0000-00-00 00:00:00', '2018-03-18 00:36:27'),
(482, 0, 10000, 10293, 50, 1, '0000-00-00 00:00:00', '2018-03-18 00:36:27'),
(485, 0, 10002, 10292, 100, 1, '0000-00-00 00:00:00', '2018-03-17 22:25:03'),
(486, 0, 10002, 10293, 50, 1, '0000-00-00 00:00:00', '2018-03-17 22:25:03'),
(487, 0, 10003, 10292, 100, 1, '0000-00-00 00:00:00', '2018-03-17 22:25:13'),
(488, 0, 10003, 10293, 50, 1, '0000-00-00 00:00:00', '2018-03-17 22:25:13'),
(489, 0, 10004, 10292, 100, 1, '0000-00-00 00:00:00', '2018-03-17 22:25:19'),
(490, 0, 10004, 10293, 50, 1, '0000-00-00 00:00:00', '2018-03-17 22:25:19'),
(491, 0, 10005, 10292, 100, 1, '0000-00-00 00:00:00', '2018-03-17 22:25:25'),
(492, 0, 10005, 10293, 50, 1, '0000-00-00 00:00:00', '2018-03-17 22:25:25'),
(493, 0, 10006, 10292, 100, 1, '0000-00-00 00:00:00', '2018-03-17 22:26:19'),
(494, 0, 10006, 10293, 50, 1, '0000-00-00 00:00:00', '2018-03-17 22:26:19'),
(495, 0, 10007, 10292, 100, 1, '0000-00-00 00:00:00', '2018-03-17 22:26:26'),
(496, 0, 10007, 10293, 50, 1, '0000-00-00 00:00:00', '2018-03-17 22:26:26'),
(497, 0, 10008, 10292, 100, 1, '0000-00-00 00:00:00', '0000-00-00 00:00:00'),
(498, 0, 10008, 10293, 50, 1, '0000-00-00 00:00:00', '0000-00-00 00:00:00'),
(499, 0, 10000, 1, 100, 0, '0000-00-00 00:00:00', '2018-03-18 00:36:27');

--
-- Inserting data into table mob_stat
--
INSERT INTO mob_stat(id, mobTemplate, stat, value, isactive, creationtimestamp, updatetimestamp) VALUES
(1, 10005, 'movement_speed', 12, 0, '0000-00-00 00:00:00', '2018-03-12 19:56:05'),
(2, 10005, 'movement_speed', 20, 0, '0000-00-00 00:00:00', '2018-03-15 23:18:32');

--
-- Deleting data from table mob_templates
--
DELETE FROM mob_templates WHERE id IN(1, 2, 3, 4);

--
-- Inserting data into table mob_templates
--
INSERT INTO mob_templates(id, category, name, subTitle, mobType, display1, display2, display3, display4, scale, hitbox, baseAnimationState, faction, attackable, minLevel, maxLevel, species, subSpecies, skinningLootTable, skinningLevelReq, questCategory, specialUse, speed_walk, speed_run, minDmg, maxDmg, attackSpeed, dmgType, primaryWeapon, secondaryWeapon, autoAttack, attackDistance, ability0, abilityStatReq0, abilityStatPercent0, ability1, abilityStatReq1, abilityStatPercent1, ability2, abilityStatReq2, abilityStatPercent2, isactive, creationtimestamp, updatetimestamp) VALUES
(10000, 0, 'BomberBug01S1C01', '', 0, 'Assets/Resources/Mobs/SFBay/BomberBug01.prefab', '', '', '', 1, 1, 1, 4, 1, 1, 2, 'Beast', '', -1, 0, '', '', 0, 0, 5, 10, 1.7, 'slash', -1, -1, 10002, 0, 10000, 'health', 60, 10001, 'health', 10, -1, '~ none ~', 100, 1, '0000-00-00 00:00:00', '2018-03-17 20:19:48'),
(10001, 0, 'BomberBug01S1C02', '', 0, 'Assets/Resources/Mobs/SFBay/BomberBug02.prefab', '', '', '', 1, 1, 1, 2, 1, 2, 3, 'Beast', '', -1, 0, '', '', 0, 0, 5, 10, 1.7, 'slash', -1, -1, 10002, 0, 10000, 'health', 60, 10001, 'health', 10, -1, '~ none ~', 100, 1, '0000-00-00 00:00:00', '2018-03-17 20:19:42'),
(10002, 0, 'BomberBug01S1C03', '', 2, 'Assets/Resources/Mobs/SFBay/BomberBug03.prefab', '', '', '', 1, 1, 1, 2, 1, 2, 3, 'Beast', '', -1, 0, '', '', 0, 0, 5, 10, 1.7, 'crush', -1, -1, 10002, 0, 10000, 'health', 60, 10001, 'health', 10, -1, '~ none ~', 100, 1, '0000-00-00 00:00:00', '2018-03-17 20:19:36'),
(10003, 0, 'BomberBug01S1C04', '', 3, 'Assets/Resources/Mobs/SFBay/BomberBug04.prefab', '', '', '', 3, 4, 1, 2, 1, 5, 7, 'Beast', '', -1, 0, '', '', 0, 0, 5, 10, 1.7, 'crush', -1, -1, 10002, 0, 10000, 'health', 60, 10001, 'health', 10, -1, '~ none ~', 100, 1, '0000-00-00 00:00:00', '2018-03-17 20:19:28'),
(10004, 0, 'BomberBug01S1C05', '', 3, 'Assets/Resources/Mobs/SFBay/BomberBug05.prefab', '', '', '', 1, 1, 1, 2, 1, 5, 7, 'Beast', '', -1, 0, '', '', 0, 0, 5, 10, 1.7, 'slash', -1, -1, 10002, 0, 10000, 'health', 60, 10001, 'health', 10, -1, '~ none ~', 100, 1, '0000-00-00 00:00:00', '2018-03-17 20:19:21'),
(10005, 0, 'BomberBug01S1C06', '', 0, 'Assets/Resources/Mobs/SFBay/BomberBug06.prefab', '', '', '', 1, 1, 1, 7, 1, 5, 7, 'Beast', '', -1, 0, '', '', 0, 0, 5, 10, 1.7, 'slash', -1, -1, 10002, 0, 10000, 'health', 60, 10001, 'health', 10, -1, '~ none ~', 100, 1, '0000-00-00 00:00:00', '2018-03-23 12:12:57'),
(10006, 0, 'BomberBug01S1C07', '', 0, 'Assets/Resources/Mobs/SFBay/BomberBug07.prefab', '', '', '', 1, 1, 1, 2, 1, 5, 7, 'Beast', '', -1, 0, '', '', 0, 0, 5, 10, 1.7, 'slash', -1, -1, 10002, 0, 10000, 'health', 60, 10001, 'health', 10, -1, '~ none ~', 100, 1, '0000-00-00 00:00:00', '2018-03-17 20:19:08'),
(10007, 0, 'BomberBug01S1C08', '', 0, 'Assets/Resources/Mobs/SFBay/BomberBug08.prefab', '', '', '', 1, 1, 1, 2, 1, 5, 7, 'Beast', '', -1, 0, '', '', 0, 0, 5, 10, 1.7, 'slash', -1, -1, 10002, 0, 10000, 'health', 60, 10001, 'health', 10, -1, '~ none ~', 100, 1, '0000-00-00 00:00:00', '2018-03-17 20:18:54'),
(10008, 0, 'BomberBug01S1C09', '', 3, 'Assets/Resources/Mobs/SFBay/BomberBug09.prefab', '', '', '', 1, 1, 1, 2, 1, 11, 13, 'Beast', '', -1, 0, '', '', 0, 0, 65, 65, 1.7, 'slash', -1, -1, 10002, 0, 10000, 'health', 60, 10001, 'health', 10, -1, '~ none ~', 100, 1, '0000-00-00 00:00:00', '2018-03-23 22:54:01'),
(10009, 0, 'NPC', '', 3, 'Assets/Resources/Volund_Rig.prefab', '', '', '', 1, 1, 1, -1, 0, 99, 99, 'Humanoid', '', 1, 0, '', '', 3, 7, 10000, 10000, 1.7, '~ none ~', -1, -1, -1, 0, -1, '~ none ~', 100, -1, '~ none ~', 100, -1, '~ none ~', 100, 1, '0000-00-00 00:00:00', '0000-00-00 00:00:00'),
(10010, 0, 'BomberBug01S1C06 Wild', '', 0, 'Assets/Resources/Mobs/SFBay/BomberBug06.prefab', '', '', '', 1, 1, 1, 2, 1, 5, 7, 'Humanoid', '', -1, 0, '', '', 5, 10, 5, 10, 1.7, 'slash', -1, -1, 10002, 0, 10000, 'health', 60, 10001, 'health', 10, -1, '~ none ~', 100, 1, '0000-00-00 00:00:00', '2018-03-17 20:18:39');

--
-- Inserting data into table quests
--
INSERT INTO quests(id, category, name, faction, chain, level, zone, numGrades, repeatable, description, objectiveText, progressText, deliveryItem1, deliveryItem2, deliveryItem3, questPrereq, questStartedReq, completionText, experience, item1, item1count, item2, item2count, item3, item3count, item4, item4count, chooseItem1, chooseItem1count, chooseItem2, chooseItem2count, chooseItem3, chooseItem3count, chooseItem4, chooseItem4count, currency1, currency1count, currency2, currency2count, rep1, rep1gain, rep2, rep2gain, isactive, creationtimestamp, updatetimestamp) VALUES
(2, 1, 'Craft for a stranger', 0, '', 1, '', 1, 0, 'Hello wanderer. Finally you joined us. Ill have a proper weapon for you, which can be handy during your journey, just need to craft it, give me a moment for last final touch.', 'Talk with Blacksmith', 'Yes, I finished three types of weapons for you and also piece of armor of your choice', -1, -1, -1, -1, -1, 'Chose which armor suits you best', 1000, 20001, 1, 20002, 1, 20003, 1, -1, 0, 10181, 1, 10187, 1, 10193, 1, -1, 0, 4, 25, 3, 20, 6, 20, -1, 0, 1, '0000-00-00 00:00:00', '2018-03-06 19:56:49'),
(3, 1, 'Bomber Bugs problem', 6, '', 1, '', 1, 0, 'These bugs are everywhere, you need to take care of that problem before they will spread all over the island and in return Ill prepare another piece of armor for you.', 'Kill 5 Bomber Bugs', 'Im glad to see you alive', -1, -1, -1, 2, -1, 'Chose which armor suits you best', 250, -1, 0, -1, 0, -1, 0, -1, 0, 10182, 1, 10188, 1, 10194, 1, -1, 0, 4, 45, 3, 120, 6, 55, -1, 0, 1, '0000-00-00 00:00:00', '2018-03-17 22:29:31'),
(4, 1, 'Supplies for Blacksmith (Repeatable)', 0, '', 1, '', 1, 1, 'I need some of that rare items but there is small problem, it can be obtained only from these bigger types for Bomber Bugs. Beware they are more dangerous than the ones which you found before. In return Ill give you another piece of armor.', 'Obtain 5 Bomber Bug Teeth', 'Good job, you handled to not die, thats the good news, do you have my items ?', -1, -1, -1, 3, -1, 'Pick armor of your choice', 550, -1, 0, -1, 0, -1, 0, -1, 0, 10186, 1, 10192, 1, 10198, 1, -1, 0, 4, 55, 3, 350, 6, 65, -1, 0, 1, '0000-00-00 00:00:00', '0000-00-00 00:00:00'),
(5, 1, 'Reconnaissance', 6, '', 1, '', 1, 0, 'Head the road to the coast and check if its safe.', 'Make reconnaissance', 'Is it safe?', -1, -1, -1, 4, -1, 'Great that you checked it for me, here is your reward', 750, -1, 0, -1, 0, -1, 0, -1, 0, 10185, 1, 10191, 1, 10197, 1, -1, 0, 4, 75, 3, 450, 6, 85, -1, 0, 1, '0000-00-00 00:00:00', '2018-03-12 15:31:55'),
(6, 1, 'Mysterious passage', 6, '', 1, '', 1, 0, 'Pass through mysterious passage and kill all bugs which you will find.', 'Pass through mysterious passage and kill all bugs which you will find', 'Were you able to defeat them all ?', -1, -1, -1, 5, -1, 'Excellent, here is your reward', 1500, -1, 0, -1, 0, -1, 0, -1, 0, 10184, 1, 10190, 1, 10196, 1, -1, 0, 4, 85, 3, 1250, -1, 0, -1, 0, 1, '0000-00-00 00:00:00', '0000-00-00 00:00:00'),
(7, 1, 'Bomber Bug hive (Group)', 0, '', 1, '', 1, 1, 'We finally know where is their hive. Probably they have something like Bomber Bug Queen which you need to take care but first you need to gather a group as you wont be able to defeat her alone.', 'Head to Bomber Bug Hive and kill their Queen', 'Is it possible, were you able to handle that impossible task ?', -1, -1, -1, 6, -1, 'Excellent, here is your reward', 2500, -1, 0, -1, 0, -1, 0, -1, 0, 20004, 1, 20005, 1, 20006, 1, -1, 0, 4, 95, 3, 1500, -1, 0, -1, 0, 1, '0000-00-00 00:00:00', '0000-00-00 00:00:00');

--
-- Inserting data into table quest_objectives
--
INSERT INTO quest_objectives(id, questID, primaryObjective, objectiveType, target, targetCount, targetText, isactive, creationtimestamp, updatetimestamp, targets) VALUES
(2, 2, 1, 'task', 1125, 0, 'Talk with Blacksmith', 1, '0000-00-00 00:00:00', '2018-03-06 19:56:49', ''),
(3, 3, 1, 'mob', 10000, 5, 'Kill 5 Bomber Bugs', 1, '0000-00-00 00:00:00', '2018-03-17 22:29:31', ''),
(4, 4, 1, 'item', 501187, 10, 'Obtain 5 Bomber Bug Teeth', 1, '0000-00-00 00:00:00', '0000-00-00 00:00:00', ''),
(5, 5, 1, 'task', 1126, 1, 'Make reconnaissance of area 1', 1, '0000-00-00 00:00:00', '2018-03-12 15:31:55', ''),
(6, 5, 1, 'task', 1127, 1, 'Make reconnaissance of area 2', 1, '0000-00-00 00:00:00', '2018-03-12 15:31:55', ''),
(7, 5, 1, 'task', 1128, 1, 'Make reconnaissance of area 3', 1, '0000-00-00 00:00:00', '2018-03-12 15:31:55', ''),
(8, 5, 1, 'task', 1129, 1, 'Make reconnaissance of area 4', 1, '0000-00-00 00:00:00', '2018-03-12 15:31:55', ''),
(9, 7, 1, 'mob', 10003, 1, 'Head to Bomber Bug Hive and kill their Queen', 1, '0000-00-00 00:00:00', '0000-00-00 00:00:00', '');

--
-- Deleting data from table region
--
DELETE FROM region WHERE id = 2;

--
-- Inserting data into table region
--
INSERT INTO region(id, name, instance, locX, locY, locZ, regionType, actionID, actionData1, actionData2, actionData3, isactive, creationtimetamp, updatetimestamp) VALUES
(168, 'Reconnaissance 1', 29, -82.6778, 60.4281, 102.199, 'CompleteTask', 1126, '', '', '', 1, NULL, NULL),
(169, 'Reconnaissance 3', 29, -12.0711, 56.1842, 8.52454, 'CompleteTask', 1128, '', '', '', 1, NULL, NULL),
(170, 'Reconnaissance 2', 29, -58.8011, 58.8242, 70.4445, 'CompleteTask', 1127, '', '', '', 1, NULL, NULL),
(171, 'Reconnaissance 4', 29, 153.642, 56.1842, 4.09949, 'CompleteTask', 1129, '', '', '', 1, NULL, NULL);

--
-- Deleting data from table region_shape
--
DELETE FROM region_shape WHERE id = 8;

--
-- Inserting data into table region_shape
--
INSERT INTO region_shape(id, regionID, locX, locY, locZ, shape, size1, size2, size3, loc2X, loc2Y, loc2Z, orientX, orientY, orientZ, orientW, isactive, creationtimetamp, updatetimestamp) VALUES
(238, 168, -82.6778, 60.4281, 102.199, 'box', 20, 20, 20, 0, 0, 0, 0, 0, 0, 1, 1, NULL, NULL),
(239, 169, -12.0711, 56.1842, 8.52454, 'box', 20, 20, 20, 0, 0, 0, 0, 0, 0, 1, 1, NULL, NULL),
(240, 170, -58.8011, 58.8242, 70.4445, 'box', 20, 20, 20, 0, 0, 0, 0, 0, 0, 1, 1, NULL, NULL),
(241, 171, 153.642, 56.1842, 4.09949, 'box', 20, 20, 20, 0, 0, 0, 0, 0, 0, 1, 1, NULL, NULL);

--
-- Inserting data into table resource_drop
--
INSERT INTO resource_drop(id, resource_template, item, min, max, chance, isactive, creationtimestamp, updatetimestamp) VALUES
(20257, 4798, 501188, 1, 2, 100, 1, '0000-00-00 00:00:00', '0000-00-00 00:00:00'),
(20258, 4805, 501188, 1, 2, 100, 1, '0000-00-00 00:00:00', '0000-00-00 00:00:00'),
(20259, 4801, 501188, 1, 2, 100, 1, '0000-00-00 00:00:00', '0000-00-00 00:00:00'),
(20260, 4804, 501188, 1, 2, 100, 1, '0000-00-00 00:00:00', '0000-00-00 00:00:00'),
(20261, 4802, 501188, 1, 2, 100, 1, '0000-00-00 00:00:00', '0000-00-00 00:00:00'),
(20262, 4799, 501188, 1, 2, 100, 1, '0000-00-00 00:00:00', '0000-00-00 00:00:00'),
(20263, 4797, 501188, 1, 2, 100, 1, '0000-00-00 00:00:00', '0000-00-00 00:00:00'),
(20264, 4800, 501188, 1, 2, 100, 1, '0000-00-00 00:00:00', '0000-00-00 00:00:00'),
(20265, 4803, 501188, 1, 2, 100, 1, '0000-00-00 00:00:00', '0000-00-00 00:00:00');

--
-- Inserting data into table resource_node_template
--
INSERT INTO resource_node_template(id, name, skill, skillLevel, skillLevelMax, weaponReq, equipped, gameObject, coordEffect, instance, respawnTime, locX, locY, locZ, harvestCount, harvestTimeReq, isactive, creationtimestamp, updatetimestamp) VALUES
(4797, '_Sp_prefab_SM_Small_Rock_05 C (9)', 0, 0, 100, 'None', 1, '', '', 29, 60, -60.2004, 65.753, 124.389, 3, 2, 1, '0000-00-00 00:00:00', '2018-03-19 23:21:22'),
(4798, '_Sp_prefab_SM_Small_Rock_05 C (8)', 0, 0, 100, 'None', 1, '', '', 29, 60, -94.6654, 63.587, 133.014, 3, 2, 1, '0000-00-00 00:00:00', '2018-03-19 23:21:22'),
(4799, '_Sp_prefab_SM_Small_Rock_05 C (7)', 0, 0, 100, 'None', 1, '', '', 29, 60, -140.58, 63.96, 119.323, 3, 2, 1, '0000-00-00 00:00:00', '2018-03-19 23:21:22'),
(4800, '_Sp_prefab_SM_Small_Rock_05 C (6)', 0, 0, 100, 'None', 1, '', '', 29, 60, -154.476, 66.882, 108.826, 3, 2, 1, '0000-00-00 00:00:00', '2018-03-19 23:21:22'),
(4801, '_Sp_prefab_SM_Small_Rock_05 C (5)', 0, 0, 100, 'None', 1, '', '', 29, 60, -178.749, 66.22, 99.006, 3, 2, 1, '0000-00-00 00:00:00', '2018-03-19 23:21:22'),
(4802, '_Sp_prefab_SM_Small_Rock_05 C (4)', 0, 0, 100, 'None', 1, '', '', 29, 60, -173.032, 65.268, 96.262, 3, 2, 1, '0000-00-00 00:00:00', '2018-03-19 23:21:22'),
(4803, '_Sp_prefab_SM_Small_Rock_05 C (3)', 0, 0, 100, 'None', 1, '', '', 29, 60, -143.258, 62.645, 108.991, 3, 2, 1, '0000-00-00 00:00:00', '2018-03-19 23:21:22'),
(4804, '_Sp_prefab_SM_Small_Rock_05 C (2)', 0, 0, 100, 'None', 1, '', '', 29, 60, -120.284, 64.423, 148.32, 3, 2, 1, '0000-00-00 00:00:00', '2018-03-19 23:21:22'),
(4805, '_Sp_prefab_SM_Small_Rock_05 C (1)', 0, 0, 100, 'None', 1, '', '', 29, 60, -192.685, 69.076, 192.305, 3, 2, 1, '0000-00-00 00:00:00', '2018-03-19 23:21:22');

--
-- Deleting data from table skills
--
DELETE FROM skills WHERE id IN(1, 2);

--
-- Inserting data into table skills
--
INSERT INTO skills(id, name, icon, aspect, oppositeAspect, mainAspectOnly, primaryStat, secondaryStat, thirdStat, fourthStat, maxLevel, automaticallyLearn, skillPointCost, parentSkill, parentSkillLevelReq, prereqSkill1, prereqSkill1Level, prereqSkill2, prereqSkill2Level, prereqSkill3, prereqSkill3Level, playerLevelReq, isactive, creationtimestamp, updatetimestamp) VALUES
(3, 'ArcherySkill', 'Assets/Dragonsan/Icons/Custom/Weapons/Bow/Bow02.png', -1, -1, 0, 'physical_critic', 'dexterity', 'mana-max', 'physical_defense', 100000, 1, 0, -1, 0, -1, 0, -1, 0, -1, 0, 0, 1, '0000-00-00 00:00:00', '2018-03-10 01:09:03'),
(4, 'Two Handed Sword', 'Assets/Dragonsan/Icons/Custom/Weapons/Greatsword/TwoHand00.png', -1, -1, 0, 'physical_defense', 'endurance', 'health-max', 'strength', 100000, 1, 0, -1, 0, -1, 0, -1, 0, -1, 0, 0, 1, '0000-00-00 00:00:00', '2018-03-15 12:39:23'),
(5, 'Magic Staff', 'Assets/Dragonsan/Icons/Custom/Weapons/Staff/Staff00.png', -1, -1, 0, 'potential', 'intelligence', 'mana-max', 'magical_resistance', 100000, 1, 0, -1, 0, -1, 0, -1, 0, -1, 0, 0, 1, '0000-00-00 00:00:00', '2018-03-10 01:09:17'),
(6, 'MetalSmithing', 'Assets/OtherPackages/Icons/Hammer_02.png', -1, -1, 0, '~ none ~', '~ none ~', '~ none ~', '~ none ~', 10000, 1, 1, -1, 0, -1, 0, -1, 0, -1, 0, 0, 1, '0000-00-00 00:00:00', '2018-03-10 19:37:27'),
(7, 'WoodWorking', 'Assets/OtherPackages/Icons/tooth.PNG', -1, -1, 0, '~ none ~', '~ none ~', '~ none ~', '~ none ~', 10000, 1, 1, -1, 0, -1, 0, -1, 0, -1, 0, 0, 1, '0000-00-00 00:00:00', '2018-03-10 19:40:55'),
(8, 'Tailoring', 'Assets/OtherPackages/Icons/Cloth_02.png', -1, -1, 0, '~ none ~', '~ none ~', '~ none ~', '~ none ~', 10000, 0, 1, -1, 0, -1, 0, -1, 0, -1, 0, 0, 1, '0000-00-00 00:00:00', '2018-03-10 19:38:39'),
(9, 'Alchemy', 'Assets/OtherPackages/Icons/bottle.PNG', -1, -1, 0, '~ none ~', '~ none ~', '~ none ~', '~ none ~', 10000, 1, 1, -1, 0, -1, 0, -1, 0, -1, 0, 0, 1, '0000-00-00 00:00:00', '2018-03-10 19:38:55'),
(10, 'Jeweling', 'Assets/OtherPackages/RPG_inventory_icons/rings.PNG', -1, -1, 0, '~ none ~', '~ none ~', '~ none ~', '~ none ~', 10000, 1, 1, -1, 0, -1, 0, -1, 0, -1, 0, 0, 1, '0000-00-00 00:00:00', '2018-03-10 19:39:14'),
(11, 'Cooking', 'Assets/OtherPackages/Icons/bowl.PNG', -1, -1, 0, '~ none ~', '~ none ~', '~ none ~', '~ none ~', 10000, 1, 1, -1, 0, -1, 0, -1, 0, -1, 0, 0, 1, '0000-00-00 00:00:00', '2018-03-10 19:39:27'),
(12, 'Mining', 'Assets/OtherPackages/RPG_inventory_icons/axe.png', -1, -1, 0, '~ none ~', '~ none ~', '~ none ~', '~ none ~', 10000, 1, 1, -1, 0, -1, 0, -1, 0, -1, 0, 0, 1, '0000-00-00 00:00:00', '2018-03-10 19:39:43'),
(13, 'WoodCutting', 'Assets/OtherPackages/Icons/Axe_01.png', -1, -1, 0, '~ none ~', '~ none ~', '~ none ~', '~ none ~', 10000, 1, 1, -1, 0, -1, 0, -1, 0, -1, 0, 0, 1, '0000-00-00 00:00:00', '2018-03-10 19:39:58'),
(14, 'Herbaling', 'Assets/OtherPackages/Icons/Grass.png', -1, -1, 0, '~ none ~', '~ none ~', '~ none ~', '~ none ~', 10000, 1, 0, -1, 0, -1, 0, -1, 0, -1, 0, 0, 1, '0000-00-00 00:00:00', '2018-03-10 19:40:09');

--
-- Inserting data into table skill_ability_gain
--
INSERT INTO skill_ability_gain(id, skillID, skillLevelReq, abilityID, automaticallyLearn, isactive, creationtimestamp, updatetimestamp) VALUES
(62, 3, 1, 23, 1, 1, '0000-00-00 00:00:00', '2018-03-10 01:09:03'),
(63, 3, 1, 29, 1, 1, '0000-00-00 00:00:00', '2018-03-10 01:09:03'),
(64, 4, 1, 38, 1, 1, '0000-00-00 00:00:00', '2018-03-15 12:39:23'),
(65, 4, 1, 43, 1, 1, '0000-00-00 00:00:00', '2018-03-15 12:39:23'),
(66, 5, 1, 53, 1, 1, '0000-00-00 00:00:00', '2018-03-10 01:09:17'),
(67, 5, 1, 66, 1, 1, '0000-00-00 00:00:00', '2018-03-10 01:09:17'),
(68, 6, 1, 3, 1, 1, '0000-00-00 00:00:00', '2018-03-10 19:34:42'),
(69, 4, 1, 90189, 1, 1, '0000-00-00 00:00:00', '0000-00-00 00:00:00');

--
-- Deleting data from table spawn_data
--
DELETE FROM spawn_data WHERE id IN(1, 2, 3, 4, 5);

--
-- Inserting data into table spawn_data
--
INSERT INTO spawn_data(id, category, name, mobTemplate, markerName, locX, locY, locZ, orientX, orientY, orientZ, orientW, instance, numSpawns, spawnRadius, respawnTime, corpseDespawnTime, spawnActiveStartHour, spawnActiveEndHour, alternateSpawnMobTemplate, combat, roamRadius, startsQuests, endsQuests, startsDialogues, otherActions, baseAction, weaponSheathed, merchantTable, patrolPath, questOpenLootTable, isChest, pickupItem, isactive, creationtimestamp, updatetimestamp) VALUES
(6, 1, 'spawn', 10009, '', -171.17, 73, 178.99, 0, 0.9985, 0, -0.055, 29, 1, 0, 60000, 50000, -1, -1, -1, 1, 0, '', '', '', '', '', 0, 43, -1, -1, 0, -1, 1, '0000-00-00 00:00:00', '2018-03-24 11:18:04'),
(7, 1, 'spawn', 10009, '', -176.48, 73, 153.81, 0, 0.8654, 0, 0.5012, 29, 1, 0, 60000, 50000, -1, -1, -1, 1, 0, '2,3,4,5,', '2,3,4,', '', '', '', 0, -1, -1, -1, 0, -1, 1, '0000-00-00 00:00:00', '2018-03-24 11:18:04'),
(13, 1, 'spawn', 10000, '', -121.01, 63, 131.11, 0, 0.1705, 0, 0.9854, 29, 1, 0, 60000, 50000, -1, -1, -1, 1, 0, '', '', '', '', '', 0, -1, -1, -1, 0, -1, 1, '0000-00-00 00:00:00', '2018-03-24 11:18:04'),
(15, 1, 'spawn', 10000, '', -113.15, 64, 145.63, 0, 0.6527, 0, 0.7576, 29, 1, 0, 60000, 50000, -1, -1, -1, 1, 0, '', '', '', '', '', 0, -1, -1, -1, 0, -1, 1, '0000-00-00 00:00:00', '2018-03-24 11:18:04'),
(17, 1, 'spawn', 10000, '', -91.99, 65, 146.97, 0, 0.9773, 0, 0.212, 29, 1, 0, 60000, 50000, -1, -1, -1, 1, 0, '', '', '', '', '', 0, -1, -1, -1, 0, -1, 1, '0000-00-00 00:00:00', '2018-03-24 11:18:04'),
(19, 1, 'spawn', 10000, '', -82, 62, 119.31, 0, 0.9982, 0, 0.0596, 29, 1, 0, 60000, 50000, -1, -1, -1, 1, 0, '', '', '', '', '', 0, -1, -1, -1, 0, -1, 1, '0000-00-00 00:00:00', '2018-03-24 11:18:04'),
(25, 1, 'spawn', 10001, '', -118.62, 62, 97.8, 0, 0.0584, 0, -0.9983, 29, 1, 0, 60000, 50000, -1, -1, -1, 1, 5, '', '', '', '', '', 0, -1, -1, -1, 0, -1, 1, '0000-00-00 00:00:00', '2018-03-24 11:18:04'),
(26, 1, 'spawn', 10000, '', -143.25, 61, 92.35, 0, 0.1556, 0, -0.9878, 29, 1, 0, 60000, 50000, -1, -1, -1, 1, 5, '', '', '', '', '', 0, -1, -1, -1, 0, -1, 1, '0000-00-00 00:00:00', '2018-03-24 11:18:04'),
(28, 1, 'spawn', 10000, '', -136.81, 61, 66.2, 0, 0.9963, 0, 0.0859, 29, 1, 0, 60000, 50000, -1, -1, -1, 1, 5, '', '', '', '', '', 0, -1, -1, -1, 0, -1, 1, '0000-00-00 00:00:00', '2018-03-24 11:18:04'),
(31, 1, 'spawn', 10000, '', -161.48, 57, 38.37, 0, 0.986, 0, 0.1668, 29, 1, 0, 60000, 50000, -1, -1, -1, 1, 5, '', '', '', '', '', 0, -1, -1, -1, 0, -1, 1, '0000-00-00 00:00:00', '2018-03-24 11:18:04'),
(37, 1, 'spawn', 10001, '', -93.98, 60, 65.43, 0, 0.6744, 0, 0.7384, 29, 1, 0, 60000, 50000, -1, -1, -1, 1, 5, '', '', '', '', '', 0, -1, -1, -1, 0, -1, 1, '0000-00-00 00:00:00', '2018-03-24 11:18:04'),
(39, 1, 'spawn', 10001, '', -73.5, 59, 81.5, 0, 0.5411, 0, 0.841, 29, 1, 0, 60000, 50000, -1, -1, -1, 1, 5, '', '', '', '', '', 0, -1, -1, -1, 0, -1, 1, '0000-00-00 00:00:00', '2018-03-24 11:18:04'),
(41, 1, 'spawn', 10001, '', -54.63, 61, 103.55, 0, 0.6996, 0, 0.7145, 29, 1, 0, 60000, 50000, -1, -1, -1, 1, 5, '', '', '', '', '', 0, -1, -1, -1, 0, -1, 1, '0000-00-00 00:00:00', '2018-03-24 11:18:04'),
(43, 1, 'spawn', 10001, '', -34.78, 60, 84.06, 0, 0.7744, 0, 0.6327, 29, 1, 0, 60000, 50000, -1, -1, -1, 1, 5, '', '', '', '', '', 0, -1, -1, -1, 0, -1, 1, '0000-00-00 00:00:00', '2018-03-24 11:18:04'),
(45, 1, 'spawn', 10001, '', -57.94, 55, 54.75, 0, 0.8459, 0, -0.5334, 29, 1, 0, 60000, 50000, -1, -1, -1, 1, 5, '', '', '', '', '', 0, -1, -1, -1, 0, -1, 1, '0000-00-00 00:00:00', '2018-03-24 11:18:04'),
(49, 1, 'spawn', 10001, '', -81.07, 58, 35.38, 0, 0.8625, 0, 0.506, 29, 1, 0, 60000, 50000, -1, -1, -1, 1, 5, '', '', '', '', '', 0, -1, -1, -1, 0, -1, 1, '0000-00-00 00:00:00', '2018-03-24 11:18:04'),
(53, 1, 'spawn', 10002, '', -15.73, 58, 51.46, 0, 0.9914, 0, 0.1305, 29, 1, 0, 60000, 50000, -1, -1, -1, 1, 5, '', '', '', '', '', 0, -1, -1, -1, 0, -1, 1, '0000-00-00 00:00:00', '2018-03-24 11:18:04'),
(63, 1, 'spawn', 10002, '', -113.24, 63, 26.37, 0, 0.9993, 0, -0.0373, 29, 1, 0, 60000, 50000, -1, -1, -1, 1, 5, '', '', '', '', '', 0, -1, -1, -1, 0, -1, 1, '0000-00-00 00:00:00', '2018-03-24 11:18:04'),
(65, 1, 'spawn', 10002, '', -141.53, 60, 25.32, 0, 0.4631, 0, -0.8863, 29, 1, 0, 60000, 50000, -1, -1, -1, 1, 5, '', '', '', '', '', 0, -1, -1, -1, 0, -1, 1, '0000-00-00 00:00:00', '2018-03-24 11:18:04'),
(66, 1, 'spawn', 10002, '', -161.7, 56, 6, 0, 0.9968, 0, -0.0795, 29, 1, 0, 60000, 50000, -1, -1, -1, 1, 5, '', '', '', '', '', 0, -1, -1, -1, 0, -1, 1, '0000-00-00 00:00:00', '2018-03-24 11:18:04'),
(68, 1, 'spawn', 10002, '', -140.27, 57, -17.09, 0, 0.9623, 0, 0.2721, 29, 1, 0, 60000, 50000, -1, -1, -1, 1, 5, '', '', '', '', '', 0, -1, -1, -1, 0, -1, 1, '0000-00-00 00:00:00', '2018-03-24 11:18:04'),
(70, 1, 'spawn', 10002, '', -115.56, 61, -5.46, 0, 0.7028, 0, 0.7114, 29, 1, 0, 60000, 50000, -1, -1, -1, 1, 5, '', '', '', '', '', 0, -1, -1, -1, 0, -1, 1, '0000-00-00 00:00:00', '2018-03-24 11:18:04'),
(73, 1, 'spawn', 10002, '', -80.53, 58, 5.41, 0, 0.9687, 0, 0.2482, 29, 1, 0, 60000, 50000, -1, -1, -1, 1, 5, '', '', '', '', '', 0, -1, -1, -1, 0, -1, 1, '0000-00-00 00:00:00', '2018-03-24 11:18:04'),
(76, 1, 'spawn', 10002, '', -35.39, 57, 13.32, 0, 0.3357, 0, 0.942, 29, 1, 0, 60000, 50000, -1, -1, -1, 1, 5, '', '', '', '', '', 0, -1, -1, -1, 0, -1, 1, '0000-00-00 00:00:00', '2018-03-24 11:18:04'),
(78, 1, 'spawn', 10002, '', 0.11, 62, 30.31, 0, 0.3644, 0, 0.9312, 29, 1, 0, 60000, 50000, -1, -1, -1, 1, 5, '', '', '', '', '', 0, -1, -1, -1, 0, -1, 1, '0000-00-00 00:00:00', '2018-03-24 11:18:04'),
(79, 1, 'spawn', 10002, '', 21.27, 66, 39.78, 0, 0.5835, 0, 0.8121, 29, 1, 0, 60000, 50000, -1, -1, -1, 1, 5, '', '', '', '', '', 0, -1, -1, -1, 0, -1, 1, '0000-00-00 00:00:00', '2018-03-24 11:18:04'),
(80, 1, 'spawn', 10002, '', 32.21, 66, 31.37, 0, 0.9926, 0, 0.1212, 29, 1, 0, 60000, 50000, -1, -1, -1, 1, 5, '', '', '', '', '', 0, -1, -1, -1, 0, -1, 1, '0000-00-00 00:00:00', '2018-03-24 11:18:04'),
(81, 1, 'spawn', 10002, '', 33.35, 65, 5.74, 0, 0.9999, 0, -0.0154, 29, 1, 0, 60000, 50000, -1, -1, -1, 1, 5, '', '', '', '', '', 0, -1, -1, -1, 0, -1, 1, '0000-00-00 00:00:00', '2018-03-24 11:18:04'),
(84, 1, 'spawn', 10002, '', 32.44, 60, -36.22, 0, 0.5313, 0, 0.8472, 29, 1, 0, 60000, 50000, -1, -1, -1, 1, 5, '', '', '', '', '', 0, -1, -1, -1, 0, -1, 1, '0000-00-00 00:00:00', '2018-03-24 11:18:04'),
(87, 1, 'spawn', 10002, '', 64.05, 55, -55.33, 0, 0.5522, 0, 0.8337, 29, 1, 0, 60000, 50000, -1, -1, -1, 1, 5, '', '', '', '', '', 0, -1, -1, -1, 0, -1, 1, '0000-00-00 00:00:00', '2018-03-24 11:18:04'),
(89, 1, 'spawn', 10002, '', 48.26, 54, -80.41, 0, 0.8107, 0, -0.5854, 29, 1, 0, 60000, 50000, -1, -1, -1, 1, 5, '', '', '', '', '', 0, -1, -1, -1, 0, -1, 1, '0000-00-00 00:00:00', '2018-03-24 11:18:04'),
(90, 1, 'spawn', 10002, '', 17.66, 57, -87.42, 0, 0.0406, 0, -0.9992, 29, 1, 0, 60000, 50000, -1, -1, -1, 1, 5, '', '', '', '', '', 0, -1, -1, -1, 0, -1, 1, '0000-00-00 00:00:00', '2018-03-24 11:18:04'),
(92, 1, 'spawn', 10002, '', 2.33, 61, -53.57, 0, 0.2219, 0, 0.9751, 29, 1, 0, 60000, 50000, -1, -1, -1, 1, 5, '', '', '', '', '', 0, -1, -1, -1, 0, -1, 1, '0000-00-00 00:00:00', '2018-03-24 11:18:04'),
(94, 1, 'spawn', 10002, '', 14.73, 62, -17.01, 0, 0.5334, 0, -0.8459, 29, 1, 0, 60000, 50000, -1, -1, -1, 1, 5, '', '', '', '', '', 0, -1, -1, -1, 0, -1, 1, '0000-00-00 00:00:00', '2018-03-24 11:18:04'),
(96, 1, 'spawn', 10002, '', -19.21, 62, -13.46, 0, 0.4765, 0, -0.8792, 29, 1, 0, 60000, 50000, -1, -1, -1, 1, 5, '', '', '', '', '', 0, -1, -1, -1, 0, -1, 1, '0000-00-00 00:00:00', '2018-03-24 11:18:04'),
(98, 1, 'spawn', 10002, '', -25.02, 62, -36.08, 0, 0.6365, 0, 0.7713, 29, 1, 0, 60000, 50000, -1, -1, -1, 1, 5, '', '', '', '', '', 0, -1, -1, -1, 0, -1, 1, '0000-00-00 00:00:00', '2018-03-24 11:18:04'),
(99, 1, 'spawn', 10002, '', -34.96, 61, -57.53, 0, 0.9123, 0, -0.4095, 29, 1, 0, 60000, 50000, -1, -1, -1, 1, 5, '', '', '', '', '', 0, -1, -1, -1, 0, -1, 1, '0000-00-00 00:00:00', '2018-03-24 11:18:04'),
(101, 1, 'spawn', 10002, '', -59.3, 60, -40.33, 0, 0.0277, 0, 0.9996, 29, 1, 0, 60000, 50000, -1, -1, -1, 1, 5, '', '', '', '', '', 0, -1, -1, -1, 0, -1, 1, '0000-00-00 00:00:00', '2018-03-24 11:18:04'),
(104, 1, 'spawn', 10002, '', -93.84, 58, -21.21, 0, 0.675, 0, -0.7378, 29, 1, 0, 60000, 50000, -1, -1, -1, 1, 5, '', '', '', '', '', 0, -1, -1, -1, 0, -1, 1, '0000-00-00 00:00:00', '2018-03-24 11:18:04'),
(107, 1, 'spawn', 10002, '', -131.43, 58, -41.81, 0, 0.7346, 0, -0.6785, 29, 1, 0, 60000, 50000, -1, -1, -1, 1, 5, '', '', '', '', '', 0, -1, -1, -1, 0, -1, 1, '0000-00-00 00:00:00', '2018-03-24 11:18:04'),
(109, 1, 'spawn', 10002, '', -144.84, 59, -67.89, 0, 0.9762, 0, 0.2171, 29, 1, 0, 60000, 50000, -1, -1, -1, 1, 5, '', '', '', '', '', 0, -1, -1, -1, 0, -1, 1, '0000-00-00 00:00:00', '2018-03-24 11:18:04'),
(110, 1, 'spawn', 10002, '', -119.53, 62, -68.79, 0, 0.6695, 0, 0.7428, 29, 1, 0, 60000, 50000, -1, -1, -1, 1, 5, '', '', '', '', '', 0, -1, -1, -1, 0, -1, 1, '0000-00-00 00:00:00', '2018-03-24 11:18:04'),
(111, 1, 'spawn', 10002, '', -102.54, 62, -72.47, 0, 0.814, 0, 0.5808, 29, 1, 0, 60000, 50000, -1, -1, -1, 1, 5, '', '', '', '', '', 0, -1, -1, -1, 0, -1, 1, '0000-00-00 00:00:00', '2018-03-24 11:18:04'),
(112, 1, 'spawn', 10002, '', -87.68, 62, -83.63, 0, 0.8844, 0, 0.4667, 29, 1, 0, 60000, 50000, -1, -1, -1, 1, 5, '', '', '', '', '', 0, -1, -1, -1, 0, -1, 1, '0000-00-00 00:00:00', '2018-03-24 11:18:04'),
(113, 1, 'spawn', 10002, '', -68.21, 62, -93.11, 0, 0.7606, 0, 0.6492, 29, 1, 0, 60000, 50000, -1, -1, -1, 1, 5, '', '', '', '', '', 0, -1, -1, -1, 0, -1, 1, '0000-00-00 00:00:00', '2018-03-24 11:18:04'),
(114, 1, 'spawn', 10002, '', -43.5, 65, -108.41, 0, 0.8805, 0, 0.474, 29, 1, 0, 60000, 50000, -1, -1, -1, 1, 5, '', '', '', '', '', 0, -1, -1, -1, 0, -1, 1, '0000-00-00 00:00:00', '2018-03-24 11:18:04'),
(115, 1, 'spawn', 10002, '', -28.56, 63, -108.87, 0, 0.2353, 0, 0.9719, 29, 1, 0, 60000, 50000, -1, -1, -1, 1, 5, '', '', '', '', '', 0, -1, -1, -1, 0, -1, 1, '0000-00-00 00:00:00', '2018-03-24 11:18:04'),
(116, 1, 'spawn', 10002, '', -21.37, 64, -94.89, 0, 0.2353, 0, 0.9719, 29, 1, 0, 60000, 50000, -1, -1, -1, 1, 5, '', '', '', '', '', 0, -1, -1, -1, 0, -1, 1, '0000-00-00 00:00:00', '2018-03-24 11:18:04'),
(118, 1, 'spawn', 10004, '', 126.29, 53, 5.93, 0, 0.3641, 0, 0.9314, 29, 1, 0, 60000, 50000, -1, -1, -1, 1, 5, '', '', '', '', '', 0, -1, -1, -1, 0, -1, 1, '0000-00-00 00:00:00', '2018-03-24 11:18:04'),
(122, 1, 'spawn', 10004, '', 153.43, 54, -4.45, 0, 0.9999, 0, -0.0151, 29, 1, 0, 60000, 50000, -1, -1, -1, 1, 5, '', '', '', '', '', 0, -1, -1, -1, 0, -1, 1, '0000-00-00 00:00:00', '2018-03-24 11:18:04'),
(124, 1, 'spawn', 10004, '', 125.18, 56, -31.22, 0, 0.9774, 0, -0.2113, 29, 1, 0, 60000, 50000, -1, -1, -1, 1, 5, '', '', '', '', '', 0, -1, -1, -1, 0, -1, 1, '0000-00-00 00:00:00', '2018-03-24 11:18:04'),
(125, 1, 'spawn', 10004, '', 145.33, 56, -35.5, 0, 0.5836, 0, 0.8121, 29, 1, 0, 60000, 50000, -1, -1, -1, 1, 5, '', '', '', '', '', 0, -1, -1, -1, 0, -1, 1, '0000-00-00 00:00:00', '2018-03-24 11:18:04'),
(129, 1, 'spawn', 10004, '', 143.95, 53, 32.63, 0, 0.2093, 0, -0.9778, 29, 1, 0, 60000, 50000, -1, -1, -1, 1, 5, '', '', '', '', '', 0, -1, -1, -1, 0, -1, 1, '0000-00-00 00:00:00', '2018-03-24 11:18:04'),
(134, 1, 'Wild Bomber Bug', 10005, NULL, NULL, NULL, NULL, NULL, NULL, NULL, NULL, NULL, 1, 0, 60000, 50000, -1, -1, -1, 1, 0, '', '', '', '', '', 0, -1, -1, -1, 0, -1, 1, '0000-00-00 00:00:00', '2018-03-24 11:18:04'),
(166, 1, 'spawn', 10009, '', -175.49, 73, 129.72, 0, 0.4719, 0, 0.8817, 29, 1, 0, 60000, 50000, -1, -1, -1, 1, 0, '', '', '', 'Bank,', '', 0, -1, -1, -1, 0, -1, 1, '0000-00-00 00:00:00', '2018-03-24 11:18:04'),
(167, 1, 'spawn', 10009, '', -158.24, 72, 150.25, 0, 0.7538, 0, -0.6571, 29, 1, 0, 60000, 50000, -1, -1, -1, 1, 0, '', '', '', '', '', 0, 44, -1, -1, 0, -1, 1, '0000-00-00 00:00:00', '2018-03-24 11:18:04'),
(168, 1, 'spawn', 10009, '', -187.59, 73, 172.18, 0, 0.6172, 0, 0.7868, 29, 1, 0, 60000, 50000, -1, -1, -1, 1, 0, '', '', '', '', '', 0, 42, -1, -1, 0, -1, 1, '0000-00-00 00:00:00', '2018-03-24 11:18:04'),
(170, 1, 'spawn', 10009, '', 189.52, 53, 29.58, 0, 0.293, 0, -0.9561, 29, 1, 0, 60000, 50000, -1, -1, -1, 1, 0, '', '5,', '', '', '', 0, -1, -1, -1, 0, -1, 1, '0000-00-00 00:00:00', '2018-03-24 11:18:04'),
(171, 1, 'NPC Merchant', 10009, NULL, NULL, NULL, NULL, NULL, NULL, NULL, NULL, NULL, 1, 0, 60000, 50000, -1, -1, -1, 0, 0, '', '', '', '', '', 0, 45, -1, -1, 0, -1, 1, '0000-00-00 00:00:00', '2018-03-24 11:18:04');

--
-- Updating data of table stat
--
UPDATE stat SET mob_base = 1000, mob_level_increase = 100, onMaxHit = 'effect:0', startPercent = 100, updatetimestamp = '2018-03-12 15:38:06' WHERE name = 'health';
UPDATE stat SET mob_base = 1000, mob_level_increase = 100, updatetimestamp = '2018-03-12 15:35:43' WHERE name = 'health-max';
UPDATE stat SET mob_base = 10, mob_level_increase = 1 WHERE name = 'physical_defense';

--
-- Inserting data into table stat
--
INSERT INTO stat(name, type, stat_function, mob_base, mob_level_increase, mob_level_percent_increase, min, maxstat, canExceedMax, sharedWithGroup, shiftTarget, shiftValue, shiftReverseValue, shiftInterval, isShiftPercent, onMaxHit, onMinHit, shiftReq1, shiftReq1State, shiftReq1SetReverse, shiftReq2, shiftReq2State, shiftReq2SetReverse, shiftReq3, shiftReq3State, shiftReq3SetReverse, startPercent, deathResetPercent, releaseResetPercent, isactive, creationtimestamp, updatetimestamp) VALUES
('weight', 2, 'Weight', 0, 0, 0, 0, 'weight-max', 1, 0, 1, 0, 0, 2, 1, 'effect:220012', 'effect:0', '~ none ~', 0, 0, '~ none ~', 0, 0, '~ none ~', 0, 0, 0, -1, -1, 1, '0000-00-00 00:00:00', '2018-03-21 23:22:02'),
('weight-max', 0, '~ none ~', 0, 0, 0, 0, 'attack_speed', 0, 0, 2, 0, 0, 2, 1, '~ none ~', '~ none ~', '~ none ~', 0, 0, '~ none ~', 0, 0, '~ none ~', 0, 0, 50, -1, -1, 1, '0000-00-00 00:00:00', '0000-00-00 00:00:00');

--
-- Inserting data into table stat_link
--
INSERT INTO stat_link(id, stat, statTo, changePerPoint, isactive) VALUES
(10, 'physical_defense', 'crush_resistance', 1, 1);

--
-- Inserting data into table task
--
INSERT INTO task(id, name, isactive, creationtimestamp, updatetimestamp) VALUES
(1125, 'Task Already Completed - Talk Simulation', 1, NULL, NULL),
(1126, 'Reconnaissance 1', 1, NULL, NULL),
(1127, 'Reconnaissance 2', 1, NULL, NULL),
(1128, 'Reconnaissance 3', 1, NULL, NULL),
(1129, 'Reconnaissance 4', 1, NULL, NULL);

--
-- Inserting data into table weather_instance
--
INSERT INTO weather_instance(id, instance_id, weather_profile_id, month1, month2, month3, month4, month5, month6, month7, month8, month9, month10, month11, month12, priority) VALUES
(12, 29, 6, 1, 1, 1, 1, 1, 1, 1, 1, 1, 1, 1, 1, 10),
(13, 29, 7, 1, 1, 1, 0, 0, 0, 0, 0, 0, 1, 1, 1, 1),
(14, 29, 8, 1, 1, 1, 0, 0, 0, 0, 0, 0, 1, 1, 1, 1),
(15, 29, 9, 1, 1, 1, 0, 0, 0, 0, 0, 0, 1, 1, 1, 1),
(16, 29, 10, 0, 0, 0, 1, 1, 1, 1, 1, 1, 0, 0, 0, 1),
(17, 29, 11, 0, 0, 0, 1, 1, 1, 1, 1, 1, 0, 0, 0, 1),
(18, 29, 12, 0, 0, 0, 1, 1, 1, 1, 1, 1, 0, 0, 0, 1),
(19, 43, 7, 1, 1, 1, 1, 1, 1, 1, 1, 1, 1, 1, 1, 1),
(20, 43, 8, 1, 1, 1, 1, 1, 1, 1, 1, 1, 1, 1, 1, 1),
(21, 43, 9, 1, 1, 1, 1, 1, 1, 1, 1, 1, 1, 1, 1, 1),
(22, 44, 10, 1, 1, 1, 1, 1, 1, 1, 1, 1, 1, 1, 1, 1),
(23, 44, 11, 1, 1, 1, 1, 1, 1, 1, 1, 1, 1, 1, 1, 1),
(24, 44, 12, 1, 1, 1, 1, 1, 1, 1, 1, 1, 1, 1, 1, 1),
(25, 44, 6, 1, 1, 1, 1, 1, 1, 1, 1, 1, 1, 1, 1, 1),
(26, 43, 6, 1, 1, 1, 1, 1, 1, 1, 1, 1, 1, 1, 1, 1);

--
-- Inserting data into table weather_profile
--
INSERT INTO weather_profile(id, name, temperature_min, temperature_max, humidity_min, humidity_max, wind_direction_min, wind_direction_max, wind_speed_min, wind_speed_max, wind_turbulence_min, wind_turbulence_max, fog_height_power_min, fog_height_power_max, fog_height_max, fog_distance_power_min, fog_distance_power_max, fog_distance_max, rain_power_min, rain_power_max, rain_power_terrain_min, rain_power_terrain_max, rain_min_height, rain_max_height, hail_power_min, hail_power_max, hail_power_terrain_min, hail_power_terrain_max, hail_min_height, hail_max_height, snow_power_min, snow_power_max, snow_power_terrain_min, snow_power_terrain_max, snow_min_height, snow_age_min, snow_age_max, thunder_power_min, thunder_power_max, cloud_power_min, cloud_power_max, cloud_min_height, cloud_max_height, cloud_speed_min, cloud_speed_max, moon_phase_min, moon_phase_max, isactive, priority) VALUES
(6, 'Default', 0, 0, 0, 0, 0, 0, 0, 0, 0, 0, 0, 0, 0, 0, 0, 0, 0, 0, 0, 0, 0, 0, 0, 0, 0, 0, 0, 0, 0, 0, 0, 0, 0, 0, 0, 0, 0, 0, 0, 0, 0, 0, 0, 0, 0, 1, 1),
(7, 'SnowHeavy', 0, 20, 0, 1, 0, 1, 0, 0, 0, 0, 0, 0, 0, 0, 0, 0, 0, 0, 0, 0, 0, 0, 0, 0, 0, 0, 0, 0, 0.7, 1, 0.8, 1, 0, 0, 0, 0, 0, 0, 0, 0, 0, 0, 0, 0, 0, 1, 1),
(8, 'SnowMedium', 0, 20, 0, 1, 0, 1, 0, 0, 0, 0, 0, 0, 0, 0, 0, 0, 0, 0, 0, 0, 0, 0, 0, 0, 0, 0, 0, 0, 0.4, 0.7, 0.8, 1, 0, 0, 0, 0, 0, 0, 0, 0, 0, 0, 0, 0, 0, 1, 1),
(9, 'SnowLight', 0, 20, 0, 1, 0, 1, 0, 0, 0, 0, 0, 0, 0, 0, 0, 0, 0, 0, 0, 0, 0, 0, 0, 0, 0, 0, 0, 0, 0.2, 0.5, 0.8, 1, 0, 0, 0, 0, 0, 0, 0, 0, 0, 0, 0, 0, 0, 1, 1),
(10, 'RainHeavy', 0, 20, 0, 1, 0, 1, 0, 0, 0, 0, 0, 0, 0, 0, 0, 0, 0.7, 1, 0.8, 1, 0, 0, 0, 0, 0, 0, 0, 0, 0, 0, 0, 0, 0, 0, 0, 0, 0, 0, 0, 0, 0, 0, 0, 0, 0, 1, 1),
(11, 'RainMedium', 0, 20, 0, 1, 0, 1, 0, 0, 0, 0, 0, 0, 0, 0, 0, 0, 0.4, 0.7, 0.8, 1, 0, 0, 0, 0, 0, 0, 0, 0, 0, 0, 0, 0, 0, 0, 0, 0, 0, 0, 0, 0, 0, 0, 0, 0, 0, 1, 1),
(12, 'RainLight', 0, 20, 0, 1, 0, 1, 0, 0, 0, 0, 0, 0, 0, 0, 0, 0, 0.2, 0.5, 0.8, 1, 0, 0, 0, 0, 0, 0, 0, 0, 0, 0, 0, 0, 0, 0, 0, 0, 0, 0, 0, 0, 0, 0, 0, 0, 0, 1, 1);

--
-- Inserting data into table weather_season
--
INSERT INTO weather_season(id, instance_id, season, month1, month2, month3, month4, month5, month6, month7, month8, month9, month10, month11, month12) VALUES
(4, 43, 0, 1, 1, 1, 1, 1, 1, 1, 1, 1, 1, 1, 1),
(5, 44, 1, 1, 1, 1, 1, 1, 1, 1, 1, 1, 1, 1, 1);
--
-- -- Enable foreign keys
--
/*!40014 SET FOREIGN_KEY_CHECKS=@OLD_FOREIGN_KEY_CHECKS */;

--
-- Creating constraints for survivalarenatemplates
--
ALTER TABLE survivalarenatemplates ADD CONSTRAINT survivalArenaTemplates_ibfk_1 FOREIGN KEY (id)
    REFERENCES arena_templates(id) ON DELETE RESTRICT ON UPDATE CASCADE;

--
-- Enabling DML triggers for 
--
DELIMITER ;;

--
-- Enabling DML triggers for abilities
--
CREATE 
	DEFINER = 'root'@'localhost'
TRIGGER abilities_trigger
	BEFORE UPDATE
	ON abilities
	FOR EACH ROW
SET NEW.updatetimestamp = CURRENT_TIMESTAMP
;;

--
-- Enabling DML triggers for arena_teams
--
CREATE 
	DEFINER = 'root'@'localhost'
TRIGGER arena_teams_trigger
	BEFORE UPDATE
	ON arena_teams
	FOR EACH ROW
SET NEW.updatetimestamp = CURRENT_TIMESTAMP
;;

--
-- Enabling DML triggers for arena_templates
--
CREATE 
	DEFINER = 'root'@'localhost'
TRIGGER arena_templates_trigger
	BEFORE UPDATE
	ON arena_templates
	FOR EACH ROW
SET NEW.updatetimestamp = CURRENT_TIMESTAMP
;;

--
-- Enabling DML triggers for build_object_stage
--
CREATE 
	DEFINER = 'root'@'localhost'
TRIGGER build_object_stage_trigger
	BEFORE UPDATE
	ON build_object_stage
	FOR EACH ROW
SET NEW.updatetimestamp = CURRENT_TIMESTAMP
;;

--
-- Enabling DML triggers for build_object_template
--
CREATE 
	DEFINER = 'root'@'localhost'
TRIGGER build_object_template_trigger
	BEFORE UPDATE
	ON build_object_template
	FOR EACH ROW
SET NEW.updatetimestamp = CURRENT_TIMESTAMP
;;

--
-- Enabling DML triggers for character_create_items
--
CREATE 
	DEFINER = 'root'@'localhost'
TRIGGER character_create_items_trigger
	BEFORE UPDATE
	ON character_create_items
	FOR EACH ROW
SET NEW.updatetimestamp = CURRENT_TIMESTAMP
;;

--
-- Enabling DML triggers for character_create_skills
--
CREATE 
	DEFINER = 'root'@'localhost'
TRIGGER character_create_skills_trigger
	BEFORE UPDATE
	ON character_create_skills
	FOR EACH ROW
SET NEW.updatetimestamp = CURRENT_TIMESTAMP
;;

--
-- Enabling DML triggers for character_create_stats
--
CREATE 
	DEFINER = 'root'@'localhost'
TRIGGER character_create_stats_trigger
	BEFORE UPDATE
	ON character_create_stats
	FOR EACH ROW
SET NEW.updatetimestamp = CURRENT_TIMESTAMP
;;

--
-- Enabling DML triggers for character_create_template
--
CREATE 
	DEFINER = 'root'@'localhost'
TRIGGER character_create_template_trigger
	BEFORE UPDATE
	ON character_create_template
	FOR EACH ROW
SET NEW.updatetimestamp = CURRENT_TIMESTAMP
;;

--
-- Enabling DML triggers for coordinated_effects
--
CREATE 
	DEFINER = 'root'@'localhost'
TRIGGER coordinated_effects_trigger
	BEFORE UPDATE
	ON coordinated_effects
	FOR EACH ROW
SET NEW.updatetimestamp = CURRENT_TIMESTAMP
;;

--
-- Enabling DML triggers for crafting_recipes
--
CREATE 
	DEFINER = 'root'@'localhost'
TRIGGER crafting_recipes_trigger
	BEFORE UPDATE
	ON crafting_recipes
	FOR EACH ROW
SET NEW.updatetimestamp = CURRENT_TIMESTAMP
;;

--
-- Enabling DML triggers for currencies
--
CREATE 
	DEFINER = 'root'@'localhost'
TRIGGER currencies_trigger
	BEFORE UPDATE
	ON currencies
	FOR EACH ROW
SET NEW.updatetimestamp = CURRENT_TIMESTAMP
;;

--
-- Enabling DML triggers for effects
--
CREATE 
	DEFINER = 'root'@'localhost'
TRIGGER effects_trigger
	BEFORE UPDATE
	ON effects
	FOR EACH ROW
SET NEW.updatetimestamp = CURRENT_TIMESTAMP
;;

--
-- Enabling DML triggers for factions
--
CREATE 
	DEFINER = 'root'@'localhost'
TRIGGER factions_trigger
	BEFORE UPDATE
	ON factions
	FOR EACH ROW
SET NEW.updatetimestamp = CURRENT_TIMESTAMP
;;

--
-- Enabling DML triggers for faction_stances
--
CREATE 
	DEFINER = 'root'@'localhost'
TRIGGER faction_stances_trigger
	BEFORE UPDATE
	ON faction_stances
	FOR EACH ROW
SET NEW.updatetimestamp = CURRENT_TIMESTAMP
;;

--
-- Enabling DML triggers for game_setting
--
CREATE 
	DEFINER = 'root'@'localhost'
TRIGGER game_setting_trigger
	BEFORE UPDATE
	ON game_setting
	FOR EACH ROW
SET NEW.updatetimestamp = CURRENT_TIMESTAMP
;;

--
-- Enabling DML triggers for graveyard
--
CREATE 
	DEFINER = 'root'@'localhost'
TRIGGER graveyard_trigger
	BEFORE UPDATE
	ON graveyard
	FOR EACH ROW
SET NEW.updatetimestamp = CURRENT_TIMESTAMP
;;

--
-- Enabling DML triggers for interactive_object
--
CREATE 
	DEFINER = 'root'@'localhost'
TRIGGER interactive_object_trigger
	BEFORE UPDATE
	ON interactive_object
	FOR EACH ROW
SET NEW.updatetimestamp = CURRENT_TIMESTAMP
;;

--
-- Enabling DML triggers for item_templates
--
CREATE 
	DEFINER = 'root'@'localhost'
TRIGGER item_templates_trigger
	BEFORE UPDATE
	ON item_templates
	FOR EACH ROW
SET NEW.updatetimestamp = CURRENT_TIMESTAMP
;;

--
-- Enabling DML triggers for item_templates_options
--
CREATE 
	DEFINER = 'root'@'localhost'
TRIGGER item_templates_options_trigger
	BEFORE UPDATE
	ON item_templates_options
	FOR EACH ROW
SET NEW.updatetimestamp = CURRENT_TIMESTAMP
;;

--
-- Enabling DML triggers for loot_tables
--
CREATE 
	DEFINER = 'root'@'localhost'
TRIGGER loot_tables_trigger
	BEFORE UPDATE
	ON loot_tables
	FOR EACH ROW
SET NEW.updatetimestamp = CURRENT_TIMESTAMP
;;

--
-- Enabling DML triggers for merchant_item
--
CREATE 
	DEFINER = 'root'@'localhost'
TRIGGER merchant_item_trigger
	BEFORE UPDATE
	ON merchant_item
	FOR EACH ROW
SET NEW.updatetimestamp = CURRENT_TIMESTAMP
;;

--
-- Enabling DML triggers for merchant_tables
--
CREATE 
	DEFINER = 'root'@'localhost'
TRIGGER merchant_tables_trigger
	BEFORE UPDATE
	ON merchant_tables
	FOR EACH ROW
SET NEW.updatetimestamp = CURRENT_TIMESTAMP
;;

--
-- Enabling DML triggers for mob_loot
--
CREATE 
	DEFINER = 'root'@'localhost'
TRIGGER mob_loot_trigger
	BEFORE UPDATE
	ON mob_loot
	FOR EACH ROW
SET NEW.updatetimestamp = CURRENT_TIMESTAMP
;;

--
-- Enabling DML triggers for mob_stat
--
CREATE 
	DEFINER = 'root'@'localhost'
TRIGGER mob_stat_trigger
	BEFORE UPDATE
	ON mob_stat
	FOR EACH ROW
SET NEW.updatetimestamp = CURRENT_TIMESTAMP
;;

--
-- Enabling DML triggers for mob_templates
--
CREATE 
	DEFINER = 'root'@'localhost'
TRIGGER mob_templates_trigger
	BEFORE UPDATE
	ON mob_templates
	FOR EACH ROW
SET NEW.updatetimestamp = CURRENT_TIMESTAMP
;;

--
-- Enabling DML triggers for quests
--
CREATE 
	DEFINER = 'root'@'localhost'
TRIGGER quests_trigger
	BEFORE UPDATE
	ON quests
	FOR EACH ROW
SET NEW.updatetimestamp = CURRENT_TIMESTAMP
;;

--
-- Enabling DML triggers for quest_objectives
--
CREATE 
	DEFINER = 'root'@'localhost'
TRIGGER quest_objectives_trigger
	BEFORE UPDATE
	ON quest_objectives
	FOR EACH ROW
SET NEW.updatetimestamp = CURRENT_TIMESTAMP
;;

--
-- Enabling DML triggers for resource_drop
--
CREATE 
	DEFINER = 'root'@'localhost'
TRIGGER resource_drop_trigger
	BEFORE UPDATE
	ON resource_drop
	FOR EACH ROW
SET NEW.updatetimestamp = CURRENT_TIMESTAMP
;;

--
-- Enabling DML triggers for resource_node_template
--
CREATE 
	DEFINER = 'root'@'localhost'
TRIGGER resource_node_template_trigger
	BEFORE UPDATE
	ON resource_node_template
	FOR EACH ROW
SET NEW.updatetimestamp = CURRENT_TIMESTAMP
;;

--
-- Enabling DML triggers for skills
--
CREATE 
	DEFINER = 'root'@'localhost'
TRIGGER skills_trigger
	BEFORE UPDATE
	ON skills
	FOR EACH ROW
SET NEW.updatetimestamp = CURRENT_TIMESTAMP
;;

--
-- Enabling DML triggers for skill_ability_gain
--
CREATE 
	DEFINER = 'root'@'localhost'
TRIGGER skill_ability_gain_trigger
	BEFORE UPDATE
	ON skill_ability_gain
	FOR EACH ROW
SET NEW.updatetimestamp = CURRENT_TIMESTAMP
;;

--
-- Enabling DML triggers for spawn_data
--
CREATE 
	DEFINER = 'root'@'localhost'
TRIGGER spawn_data_trigger
	BEFORE UPDATE
	ON spawn_data
	FOR EACH ROW
SET NEW.updatetimestamp = CURRENT_TIMESTAMP
;;

--
-- Enabling DML triggers for stat
--
CREATE 
	DEFINER = 'root'@'localhost'
TRIGGER stat_trigger
	BEFORE UPDATE
	ON stat
	FOR EACH ROW
SET NEW.updatetimestamp = CURRENT_TIMESTAMP
;;

--
-- Enabling DML triggers for task
--
CREATE 
	DEFINER = 'root'@'localhost'
TRIGGER task_trigger
	BEFORE UPDATE
	ON task
	FOR EACH ROW
SET NEW.updatetimestamp = CURRENT_TIMESTAMP
;;

--
-- Enabling DML triggers for 
--
DELIMITER ;