--
-- Script was generated by Devart dbForge Data Compare for MySQL, Version 5.1.17.0
-- Product Home Page: http://www.devart.com/dbforge/mysql/datacompare
-- Script date 2017-12-29 21:58:06
-- Please backup your target database before running this script
--



SET NAMES 'utf8';
USE `world_content`;

--
-- Disabling DML triggers for item_templates
--
DROP TRIGGER IF EXISTS updatetimestamp;
--
-- -- Disable foreign keys
--
/*!40014 SET @OLD_FOREIGN_KEY_CHECKS=@@FOREIGN_KEY_CHECKS, FOREIGN_KEY_CHECKS=0 */;

--
-- Updating data of table abilities
--
UPDATE abilities SET reagent2Required = 0, reagent3Required = 0, maxRange = 2, aoeType = 'None', reqFacingTarget = 1, interceptType = 0 WHERE id = 1;
UPDATE abilities SET activationLength = 1, aoeRadius = 10, aoeType = 'TargetRadius', targetType = 'AoE Enemy', startCooldownsOnActivation = 1, interceptType = 0 WHERE id = 2;
UPDATE abilities SET reagent2Required = 0, reagent3Required = 0, aoeType = 'None', reqTarget = 0, activationTarget1 = 'caster', interceptType = 0, chance = 1 WHERE id = 3;
UPDATE abilities SET activationCost = 0, reagent2Required = 0, reagent2Consumed = 0, reagent3Required = 0, reagent3Consumed = 0, aoeType = 'None', reqTarget = 0, cooldown1Duration = 2, interceptType = 0, chance = 1 WHERE id = 4;

--
-- Inserting data into table abilities
--
INSERT INTO abilities(id, name, icon, abilityType, skill, passive, activationCost, activationCostType, activationLength, activationAnimation, activationParticles, casterEffectRequired, casterEffectConsumed, targetEffectRequired, targetEffectConsumed, weaponRequired, reagentRequired, reagentCount, reagentConsumed, reagent2Required, reagent2Count, reagent2Consumed, reagent3Required, reagent3Count, reagent3Consumed, ammoUsed, maxRange, minRange, aoeRadius, aoeType, reqTarget, reqFacingTarget, autoRotateToTarget, relativePositionReq, targetType, targetState, speciesTargetReq, specificTargetReq, globalCooldown, cooldown1Type, cooldown1Duration, weaponCooldown, startCooldownsOnActivation, activationEffect1, activationTarget1, activationEffect2, activationTarget2, activationEffect3, activationTarget3, coordEffect1event, coordEffect1, coordEffect2event, coordEffect2, tooltip, interceptType, isactive, creationtimestamp, updatetimestamp, chance) VALUES
(90187, 'Power Strike Passive', 'Assets/OtherPackages/Fantasy RPG Icon Set- Free/Icons/Sword.png', 'FriendlyEffectAbility', 1, 0, 0, 'mana', 0, '', '', 0, 0, 0, 0, '~ none ~', 0, 1, 0, 0, 1, 0, 0, 1, 0, 0, 4, 0, 1, 'None', 0, 0, 0, 0, '~ none ~', 1, '~ none ~', '', 1, '', 2, 0, 0, 90135, 'caster', 0, 'target', 0, 'target', 'completed', '~ none ~', 'completed', '~ none ~', 'Swings the sword at an enemy dealing a moderate amount of damage.', NULL, 1, '0000-00-00 00:00:00', '0000-00-00 00:00:00', 1),
(90188, 'Teach Ability 1', 'Assets/OtherPackages/RPG_inventory_icons/book.PNG', 'CombatMeleeAbility', 0, 0, 0, 'health', 0, '', '', 0, 0, 0, 0, '~ none ~', 0, 1, 0, 0, 1, 0, 0, 1, 0, 0, 4, 0, 1, 'None', 1, 0, 0, 0, '~ none ~', 1, '~ none ~', '', 1, '', 0, 0, 0, 90136, 'caster', 0, 'target', 0, 'target', 'completed', '~ none ~', 'completed', '~ none ~', '', NULL, 1, '0000-00-00 00:00:00', '0000-00-00 00:00:00', 1);

--
-- Inserting data into table arena_categories
--
INSERT INTO arena_categories(id, skin1, skin2, skin3, skin4, isactive, creationtimestamp, updatetimestamp) VALUES
(1, ' ', ' ', ' ', ' ', 1, '0000-00-00 00:00:00', '0000-00-00 00:00:00');

--
-- Inserting data into table arena_teams
--
INSERT INTO arena_teams(id, arenaID, name, size, race, goal, spawnX, spawnY, spawnZ, isactive, creationtimestamp, updatetimestamp) VALUES
(3, 2, 'Dragons', 2, '0', 1, -121.813, -34.7968, 10.7758, 1, '0000-00-00 00:00:00', '0000-00-00 00:00:00'),
(4, 2, 'Bears', 2, '0', 1, -121.813, -34.7968, 10.7758, 1, '0000-00-00 00:00:00', '0000-00-00 00:00:00'),
(15, 10, 'TeamA', 1, '0', 1, -60, 1, 0, 1, '0000-00-00 00:00:00', '0000-00-00 00:00:00'),
(16, 10, 'TeamB', 1, '0', 1, -60, 1, 0, 1, '0000-00-00 00:00:00', '0000-00-00 00:00:00');

--
-- Inserting data into table arena_templates
--
INSERT INTO arena_templates(id, arenaType, name, arenaCategory, arenaInstanceID, length, defaultWinner, team1, team2, team3, team4, levelReq, levelMax, victoryCurrency, victoryPayment, defeatCurrency, defeatPayment, victoryExp, defeatExp, isactive, start_hour, start_minute, end_hour, end_minute, creationtimestamp, updatetimestamp, description) VALUES
(2, 1, 'Deathmatch 2v2', 1, 29, 300, 1, 3, 4, -1, -1, 1, 20, 1, 4, 1, 0, 500, 100, 1, 0, 0, 23, 59, '0000-00-00 00:00:00', '0000-00-00 00:00:00', 'arena2description'),
(10, 1, 'Deathmatch 1v1', 1, 29, 300, 1, 15, 16, -1, -1, 1, 99, 1, 1, 2, 1, 100, 1, 1, 0, 0, 23, 59, '0000-00-00 00:00:00', '0000-00-00 00:00:00', 'Arena 1v1 Description');

--
-- Inserting data into table character_create_stats
--
INSERT INTO character_create_stats(id, character_create_id, stat, value, levelIncrease, levelPercentIncrease, isactive, creationtimestamp, updatetimestamp) VALUES
(75, 1, 'critic', 0, 0, 0, 1, '0000-00-00 00:00:00', '0000-00-00 00:00:00'),
(76, 1, 'evasion', 0, 0, 0, 1, '0000-00-00 00:00:00', '0000-00-00 00:00:00'),
(77, 1, 'magical_critic', 0, 0, 0, 1, '0000-00-00 00:00:00', '0000-00-00 00:00:00'),
(78, 1, 'magical_evasion', 0, 0, 0, 1, '0000-00-00 00:00:00', '0000-00-00 00:00:00'),
(79, 1, 'magical_resistance', 0, 0, 0, 1, '0000-00-00 00:00:00', '0000-00-00 00:00:00'),
(80, 1, 'parry', 0, 0, 0, 1, '0000-00-00 00:00:00', '0000-00-00 00:00:00'),
(81, 1, 'physical_critic', 0, 0, 0, 1, '0000-00-00 00:00:00', '0000-00-00 00:00:00'),
(82, 1, 'physical_defense', 0, 0, 0, 1, '0000-00-00 00:00:00', '0000-00-00 00:00:00'),
(83, 1, 'physical_evasion', 0, 0, 0, 1, '0000-00-00 00:00:00', '0000-00-00 00:00:00'),
(84, 2, 'critic', 0, 0, 0, 1, '0000-00-00 00:00:00', '0000-00-00 00:00:00'),
(85, 2, 'evasion', 0, 0, 0, 1, '0000-00-00 00:00:00', '0000-00-00 00:00:00'),
(86, 2, 'magical_critic', 0, 0, 0, 1, '0000-00-00 00:00:00', '0000-00-00 00:00:00'),
(87, 2, 'magical_evasion', 0, 0, 0, 1, '0000-00-00 00:00:00', '0000-00-00 00:00:00'),
(88, 2, 'magical_resistance', 0, 0, 0, 1, '0000-00-00 00:00:00', '0000-00-00 00:00:00'),
(89, 2, 'parry', 0, 0, 0, 1, '0000-00-00 00:00:00', '0000-00-00 00:00:00'),
(90, 2, 'physical_critic', 0, 0, 0, 1, '0000-00-00 00:00:00', '0000-00-00 00:00:00'),
(91, 2, 'physical_defense', 0, 0, 0, 1, '0000-00-00 00:00:00', '0000-00-00 00:00:00'),
(92, 2, 'physical_evasion', 0, 0, 0, 1, '0000-00-00 00:00:00', '0000-00-00 00:00:00');

--
-- Updating data of table character_create_template
--
UPDATE character_create_template SET respawnInstance = 29, respawnPosX = -120, respawnPosY = -34, respawnPosZ = 15 WHERE id = 1;

--
-- Inserting data into table coordinated_effects
--
INSERT INTO coordinated_effects(id, name, prefab, isactive, creationtimestamp, updatetimestamp) VALUES
(7, 'MobMele', 'Assets/Resources/Content/CoordinatedEffects/StandardMeleeAttack2.prefab', 1, '0000-00-00 00:00:00', '0000-00-00 00:00:00');

--
-- Inserting data into table crafting_recipes
--
INSERT INTO crafting_recipes(id, name, icon, resultItemID, resultItemCount, resultItem2ID, resultItem2Count, resultItem3ID, resultItem3Count, resultItem4ID, resultItem4Count, skillID, skillLevelReq, skillLevelMax, stationReq, creationTime, recipeItemID, layoutReq, qualityChangeable, allowDyes, allowEssences, component1, component1count, component2, component2count, component3, component3count, component4, component4count, component5, component5count, component6, component6count, component7, component7count, component8, component8count, component9, component9count, component10, component10count, component11, component11count, component12, component12count, component13, component13count, component14, component14count, component15, component15count, component16, component16count, isactive, creationtimestamp, updatetimestamp) VALUES
(1, 'TestCraft', '', 3, 1, -1, 1, -1, 1, -1, 1, -1, 1, NULL, '~ none ~', 2, -1, 1, 0, 1, 0, 2, 1, -1, 1, 2, 1, -1, 1, -1, 1, -1, 1, -1, 1, -1, 1, -1, 1, -1, 1, -1, 1, -1, 1, -1, 1, -1, 1, -1, 1, -1, 1, 1, '0000-00-00 00:00:00', '0000-00-00 00:00:00');

--
-- Inserting data into table damage_type
--
INSERT INTO damage_type(name, resistance_stat, isactive, creationtimestamp, updatetimestamp) VALUES
('magical', 'magical_resistance', 1, '0000-00-00 00:00:00', '0000-00-00 00:00:00');

--
-- Inserting data into table editor_option
--
INSERT INTO editor_option(id, optionType, deletable, isactive, creationtimestamp, updatetimestamp) VALUES
(22, 'Claim Object Interaction Type', 1, 1, '0000-00-00 00:00:00', '0000-00-00 00:00:00');

--
-- Inserting data into table editor_option_choice
--
INSERT INTO editor_option_choice(id, optionTypeID, choice, isactive, creationtimestamp, updatetimestamp) VALUES
(98, 2, 'Greatsword', 1, '0000-00-00 00:00:00', '0000-00-00 00:00:00'),
(99, 19, 'satisfied', 1, '0000-00-00 00:00:00', '0000-00-00 00:00:00'),
(100, 10, 'Weight', 1, '0000-00-00 00:00:00', '0000-00-00 00:00:00'),
(101, 12, 'Weight', 1, '0000-00-00 00:00:00', '0000-00-00 00:00:00'),
(102, 12, 'Durability', 1, '0000-00-00 00:00:00', '0000-00-00 00:00:00'),
(103, 22, 'Chest', 1, '0000-00-00 00:00:00', '0000-00-00 00:00:00'),
(104, 22, 'Resource', 1, '0000-00-00 00:00:00', '0000-00-00 00:00:00'),
(105, 22, 'NPC', 1, '0000-00-00 00:00:00', '0000-00-00 00:00:00'),
(106, 20, 'PvP', 1, '0000-00-00 00:00:00', '0000-00-00 00:00:00'),
(107, 20, 'Sanctuary', 1, '0000-00-00 00:00:00', '0000-00-00 00:00:00'),
(108, 12, 'CraftsItem', 1, '0000-00-00 00:00:00', '0000-00-00 00:00:00'),
(109, 19, 'vip', 1, '0000-00-00 00:00:00', '0000-00-00 00:00:00'),
(110, 3, 'Fashion', 1, '0000-00-00 00:00:00', '0000-00-00 00:00:00'),
(111, 22, 'Effect', 1, '0000-00-00 00:00:00', '0000-00-00 00:00:00'),
(112, 22, 'Instance', 1, '0000-00-00 00:00:00', '0000-00-00 00:00:00'),
(113, 22, 'LeaveInstance', 1, '0000-00-00 00:00:00', '0000-00-00 00:00:00'),
(114, 20, 'LeaveInstance', 1, '0000-00-00 00:00:00', '0000-00-00 00:00:00'),
(115, 1, 'Jewelry', 0, '0000-00-00 00:00:00', '0000-00-00 00:00:00'),
(116, 3, 'Jewelry', 1, '0000-00-00 00:00:00', '0000-00-00 00:00:00'),
(117, 9, 'World Boss', 1, '0000-00-00 00:00:00', '0000-00-00 00:00:00'),
(118, 10, 'Magical Critic', 1, '0000-00-00 00:00:00', '0000-00-00 00:00:00'),
(119, 10, 'Physical Critic', 1, '0000-00-00 00:00:00', '0000-00-00 00:00:00'),
(120, 10, 'Magical Evasion', 1, '0000-00-00 00:00:00', '0000-00-00 00:00:00'),
(121, 10, 'Physical Evasion', 1, '0000-00-00 00:00:00', '0000-00-00 00:00:00'),
(122, 10, 'Parry', 1, '0000-00-00 00:00:00', '0000-00-00 00:00:00'),
(123, 10, 'Sleep Resistance', 1, '0000-00-00 00:00:00', '0000-00-00 00:00:00'),
(124, 10, 'Stun Resistance', 1, '0000-00-00 00:00:00', '0000-00-00 00:00:00'),
(125, 10, 'Slowdown Resistance', 1, '0000-00-00 00:00:00', '0000-00-00 00:00:00'),
(126, 10, 'Immobilize Resistance', 1, '0000-00-00 00:00:00', '0000-00-00 00:00:00'),
(127, 10, 'Sleep', 0, '0000-00-00 00:00:00', '0000-00-00 00:00:00'),
(128, 13, 'mobCategory', 1, '0000-00-00 00:00:00', '0000-00-00 00:00:00'),
(129, 19, 'satisfied', 1, '0000-00-00 00:00:00', '0000-00-00 00:00:00');

--
-- Updating data of table effects
--
UPDATE effects SET icon = 'Assets/OtherPackages/Icons/tooth.PNG', isBuff = 1, floatValue1 = 10, stringValue2 = 'endurance' WHERE id = 3;

--
-- Inserting data into table effects
--
INSERT INTO effects(id, name, displayName, icon, effectMainType, effectType, isBuff, skillType, skillLevelMod, passive, stackLimit, allowMultiple, duration, pulseCount, tooltip, bonusEffectReq, bonusEffectReqConsumed, bonusEffect, removeBonusWhenEffectRemoved, pulseCoordEffect, intValue1, intValue2, intValue3, intValue4, intValue5, floatValue1, floatValue2, floatValue3, floatValue4, floatValue5, stringValue1, stringValue2, stringValue3, stringValue4, stringValue5, boolValue1, boolValue2, boolValue3, boolValue4, boolValue5, isactive, creationtimestamp, updatetimestamp, chance) VALUES
(90134, 'Power Strike Passive', NULL, 'Assets/OtherPackages/Tazo_2D/Icon/S_stranger_light.png', 'Damage', 'MeleeStrikeEffect', 0, 1, 1, 0, 0, 0, 0, 1, '', -1, 0, -1, 0, '', 20, -1, 0, 0, 0, 1, 0, 0, 0, 0, 'health', 'slash', '', '', '', 0, 0, 0, 0, 0, 1, '0000-00-00 00:00:00', '0000-00-00 00:00:00', 0),
(90135, 'Power Strike Passive 1', NULL, 'Assets/OtherPackages/Tazo_2D/Icon/S_rock_ball.png', 'Stat', 'StatEffect', 1, 1, 0, 0, 1, 0, 30, 1, '', -1, 0, -1, 0, '', 0, 0, 0, 0, 0, 50, 0, 0, 0, 0, 'endurance', '~ none ~', '~ none ~', '~ none ~', '~ none ~', 0, 0, 0, 0, 0, 1, '0000-00-00 00:00:00', '0000-00-00 00:00:00', 0),
(90136, 'Teach Ability 1 Effect', NULL, 'Assets/OtherPackages/RPG_inventory_icons/book.PNG', 'Teach Ability', 'TeachAbilityEffect', 0, -1, 0, 0, 0, 0, 0, 1, '', -1, 0, -1, 0, '', 2, 0, 0, 0, 0, 0, 0, 0, 0, 0, '', '', '', '', '', 0, 0, 0, 0, 0, 1, '0000-00-00 00:00:00', '0000-00-00 00:00:00', 0);

--
-- Inserting data into table factions
--
INSERT INTO factions(id, category, name, factionGroup, public, defaultStance, isactive, creationtimestamp, updatetimestamp) VALUES
(5, 1, 'Haters1', '', 1, -2, 1, '0000-00-00 00:00:00', '0000-00-00 00:00:00');

--
-- Inserting data into table faction_stances
--
INSERT INTO faction_stances(id, factionID, otherFaction, defaultStance, isactive, creationtimestamp, updatetimestamp) VALUES
(1, 2, 1, 1, 0, '0000-00-00 00:00:00', '0000-00-00 00:00:00'),
(2, 5, 2, -2, 0, '0000-00-00 00:00:00', '0000-00-00 00:00:00'),
(3, 1, 2, 1, 1, '0000-00-00 00:00:00', '0000-00-00 00:00:00'),
(4, 2, 1, 1, 1, '0000-00-00 00:00:00', '0000-00-00 00:00:00');

--
-- Updating data of table game_setting
--
UPDATE game_setting SET value = '-1' WHERE id = 7;

--
-- Inserting data into table game_setting
--
INSERT INTO game_setting(id, name, datatype, value, isactive, creationtimestamp, updatetimestamp) VALUES
(26, 'USE_CLAIM_RESOURCES', '', 'true', 1, '0000-00-00 00:00:00', '0000-00-00 00:00:00'),
(27, 'ONLY_UPGRADE_CLAIM_OBJECT_WITH_ALL_ITEMS', '', 'false', 1, '0000-00-00 00:00:00', '0000-00-00 00:00:00'),
(28, 'COMBAT_TIMEOUT', 'float', '20', 1, '0000-00-00 00:00:00', '0000-00-00 00:00:00'),
(29, 'LOGOUT_TIME', '', '10', 1, '0000-00-00 00:00:00', '0000-00-00 00:00:00'),
(30, 'LOGOUT_TO_CHARACTER_SELECTION', '', 'false', 1, '0000-00-00 00:00:00', '0000-00-00 00:00:00'),
(31, 'FALL_SAFE_HEIGHT', '', '10', 1, '0000-00-00 00:00:00', '0000-00-00 00:00:00'),
(32, 'FALL_DEATH_HEIGHT', '', '50', 1, '0000-00-00 00:00:00', '0000-00-00 00:00:00'),
(33, 'FALL_DAMAGE_STAT', '', 'health', 1, '0000-00-00 00:00:00', '0000-00-00 00:00:00'),
(34, 'MOB_AGGRO_MELEE_THREAT_THRESHOLD', 'float', '1.1', 1, '0000-00-00 00:00:00', '0000-00-00 00:00:00'),
(35, 'MOB_AGGRO_RANGED_THREAT_THRESHOLD', 'float', '1.3', 1, '0000-00-00 00:00:00', '0000-00-00 00:00:00'),
(36, 'TOTAL_SKILL_MAX', 'int', '1000000', 1, '0000-00-00 00:00:00', '0000-00-00 00:00:00'),
(37, 'SPIRIT_EFFECT', 'int', '-1', 1, '0000-00-00 00:00:00', '0000-00-00 00:00:00'),
(38, 'USE_PLAYER_SET_RESPAWN_LOCATIONS', 'bool', 'true', 1, '0000-00-00 00:00:00', '0000-00-00 00:00:00'),
(39, 'WEAPON_REQ_USES_SHARED_TYPES', 'bool', 'true', 1, '0000-00-00 00:00:00', '0000-00-00 00:00:00'),
(40, 'COMBAT_TIMEOUT', 'int', '3', 0, '0000-00-00 00:00:00', '0000-00-00 00:00:00'),
(42, 'SKILL_STARTING_MAX', 'int', '5', 1, '0000-00-00 00:00:00', '0000-00-00 00:00:00'),
(43, 'AUTO_ADD_ABILITIES_TO_ACTION_BAR', 'bool', 'true', 1, '0000-00-00 00:00:00', '0000-00-00 00:00:00'),
(44, 'CAN_HARVEST_WHILE_MOUNTED', 'bool', 'false', 1, '0000-00-00 00:00:00', '0000-00-00 00:00:00'),
(45, 'SKINNING_WEAPON_REQ', 'string', '', 1, '0000-00-00 00:00:00', '0000-00-00 00:00:00'),
(46, 'USE_RESOURCE_GROUPS', 'bool', 'true', 1, '0000-00-00 00:00:00', '0000-00-00 00:00:00'),
(47, 'RESOURCE_GROUP_SIZE', 'int', '100', 1, '0000-00-00 00:00:00', '0000-00-00 00:00:00'),
(48, 'GRID_SIZE', 'int', '4', 1, '0000-00-00 00:00:00', '0000-00-00 00:00:00'),
(49, 'CAN_CRAFT_WHILE_MOUNTED', 'bool', 'false', 1, '0000-00-00 00:00:00', '0000-00-00 00:00:00'),
(50, 'WORLD_TIME_SPEED', 'float', '1', 1, '0000-00-00 00:00:00', '0000-00-00 00:00:00'),
(51, 'REMOVE_ITEM_ON_BUILD_FAIL', 'bool', 'false', 0, '0000-00-00 00:00:00', '0000-00-00 00:00:00'),
(52, 'ONLY_UPGRADE_CLAIM_OBJECT_WITH_ALL_ITEMS', 'bool', 'false', 0, '0000-00-00 00:00:00', '0000-00-00 00:00:00'),
(53, 'RESISTANCE_STAT_MAX', '', '10000', 1, '0000-00-00 00:00:00', '0000-00-00 00:00:00'),
(54, 'PLAYER_PERCEPTION_RADIUS', '', '200', 1, '0000-00-00 00:00:00', '0000-00-00 00:00:00'),
(55, 'AGGRO_RADIUS', '', '18', 1, '0000-00-00 00:00:00', '0000-00-00 00:00:00'),
(56, 'MOB_AGGRO_CLOSE_RANGE_CHECK', '', '4', 1, '0000-00-00 00:00:00', '0000-00-00 00:00:00'),
(57, 'MOB_EXP_RATE_NORMAL', '', '1.0', 1, '0000-00-00 00:00:00', '0000-00-00 00:00:00'),
(58, 'MOB_EXP_RATE_RARE', '', '8', 1, '0000-00-00 00:00:00', '0000-00-00 00:00:00'),
(59, 'MOB_EXP_RATE_BOSS', '', '25', 1, '0000-00-00 00:00:00', '0000-00-00 00:00:00'),
(60, 'SKILL_UP_RATE', '', '1.0', 1, '0000-00-00 00:00:00', '0000-00-00 00:00:00'),
(61, 'FLAT_ARMOR_DAMAGE_CALCULATIONS', '', 'true', 1, '0000-00-00 00:00:00', '0000-00-00 00:00:00'),
(62, 'SKILL_PRIMARY_STAT_GAIN_INCREMENT', 'int', '100', 1, '0000-00-00 00:00:00', '0000-00-00 00:00:00'),
(63, 'SKILL_SECONDARY_STAT_GAIN_INCREMENT', 'int', '50', 1, '0000-00-00 00:00:00', '0000-00-00 00:00:00'),
(64, 'SKILL_THIRD_STAT_GAIN_INCREMENT', 'int', '12', 1, '0000-00-00 00:00:00', '0000-00-00 00:00:00'),
(65, 'SKILL_FOURTH_STAT_GAIN_INCREMENT', 'int', '90', 1, '0000-00-00 00:00:00', '0000-00-00 00:00:00'),
(66, 'GROUP_DISCONNECT_TIMEOUT', '', '30', 1, '0000-00-00 00:00:00', '0000-00-00 00:00:00'),
(67, 'EXP_LOST_FROM_MOB_DEATH', '', '5', 1, '0000-00-00 00:00:00', '0000-00-00 00:00:00');

--
-- Inserting data into table graveyard
--
INSERT INTO graveyard(id, name, instance, locX, locY, locZ, factionReq, factionRepReq, isactive, creationtimestamp, updatetimestamp) VALUES
(1, 'GraveyardMarker (1)', 29, -117.39, -42.67, -75.97, 1, 1, 1, NULL, NULL),
(2, 'GraveyardMarker', 29, -131.916, -35.3646, 16.1325, 1, 1, 1, NULL, NULL);

--
-- Inserting data into table interactive_object
--
INSERT INTO interactive_object(id, name, gameObject, instance, locX, locY, locZ, interactionType, interactionID, interactionData1, interactionData2, interactionData3, questReqID, interactTimeReq, coordEffect, respawnTime, isactive, creationtimestamp, updatetimestamp) VALUES
(1, 'ExampleInteractiveObject', NULL, 29, -154.447, -38.12, 13.7252, 'InstancePortal', 30, '100', '100', '100', -1, 0, 'HarvestRock', 0, 1, NULL, NULL);

--
-- Updating data of table item_templates
--
UPDATE item_templates SET icon = 'Assets/OtherPackages/Icons/Crystal_01.png', effect1type = 'Stat', effect1name = 'mana-max', effect1value = '100', effect2type = 'Stat', effect2name = 'health-max', effect2value = '100', updatetimestamp = '2017-12-11 18:31:46' WHERE id = 1;
UPDATE item_templates SET icon = 'Assets/OtherPackages/[MiDaEm]/Magic Weapon Icons/Variation A/Weapon_19.png', updatetimestamp = '2017-12-12 16:47:30' WHERE id = 2;
UPDATE item_templates SET icon = 'Assets/OtherPackages/Fantasy RPG Icon Set- Free/Icons/Bracer.png', updatetimestamp = '2017-12-12 15:17:53' WHERE id = 3;
UPDATE item_templates SET icon = 'Assets/OtherPackages/Fantasy RPG Icon Set- Free/Icons/Scroll.png', updatetimestamp = '2017-12-12 16:48:11' WHERE id = 4;

--
-- Inserting data into table item_templates
--
INSERT INTO item_templates(id, name, icon, category, subcategory, itemType, subType, slot, display, itemQuality, binding, isUnique, stackLimit, duration, purchaseCurrency, purchaseCost, sellable, damage, damageType, delay, toolTip, triggerEvent, triggerAction1Type, triggerAction1Data, effect1type, effect1name, effect1value, effect2type, effect2name, effect2value, effect3type, effect3name, effect3value, effect4type, effect4name, effect4value, effect5type, effect5name, effect5value, effect6type, effect6name, effect6value, effect7type, effect7name, effect7value, effect8type, effect8name, effect8value, effect9type, effect9name, effect9value, effect10type, effect10name, effect10value, effect11type, effect11name, effect11value, effect12type, effect12name, effect12value, isactive, creationtimestamp, updatetimestamp, actionBarAllowed) VALUES
(501184, 'Example Bag', 'Assets/OtherPackages/RPG_inventory_icons/bag.png', '0', '0', 'Bag', '', '', '', 1, 0, 0, 16, NULL, 3, 15, 1, 0, '', 1.5, '', NULL, NULL, NULL, '', '', '', '', '', '', '', '', '', '', '', '', '', '', '', '', '', '', '', '', '', '', '', '', '', '', '', '', '', '', '', '', '', '', '', '', 1, '0000-00-00 00:00:00', '2017-12-12 16:50:56', 0),
(501185, 'Item Recipe 1', 'Assets/OtherPackages/RPG_inventory_icons/scroll.png', '0', '0', 'Material', '', '', '', 1, 0, 0, 1, NULL, -1, 0, 1, 0, '', 1.5, '', NULL, NULL, NULL, 'CraftsItem', '', '1', '', '', '', '', '', '', '', '', '', '', '', '', '', '', '', '', '', '', '', '', '', '', '', '', '', '', '', '', '', '', '', '', '', 1, '0000-00-00 00:00:00', '2017-12-12 16:50:51', 0),
(501186, 'Book for Ability 1', 'Assets/OtherPackages/RPG_inventory_icons/book.PNG', '0', '0', 'Consumable', '', '', '', 1, 0, 0, 1, NULL, -1, 0, 1, 0, '', 1.5, '', NULL, NULL, NULL, 'UseAbility', '', '90188', '', '', '', '', '', '', '', '', '', '', '', '', '', '', '', '', '', '', '', '', '', '', '', '', '', '', '', '', '', '', '', '', '', 1, '0000-00-00 00:00:00', '2017-12-12 16:50:46', 0);

--
-- Inserting data into table item_templates_options
--
INSERT INTO item_templates_options(id, item_id, editor_option_type_id, editor_option_choice_type_id, required_value, isactive, creationtimestamp, updatetimestamp) VALUES
(1, 3, 74, '', 5, 1, NULL, NULL);

--
-- Inserting data into table level_xp_requirements
--
INSERT INTO level_xp_requirements(level, xpRequired, isactive, creationtimestamp, updatetimestamp) VALUES
(8, 10000, 1, '0000-00-00 00:00:00', '0000-00-00 00:00:00'),
(9, 20000, 1, '0000-00-00 00:00:00', '0000-00-00 00:00:00'),
(10, 50000, 1, '0000-00-00 00:00:00', '0000-00-00 00:00:00'),
(11, 100000, 1, '0000-00-00 00:00:00', '0000-00-00 00:00:00'),
(12, 200000, 1, '0000-00-00 00:00:00', '0000-00-00 00:00:00'),
(13, 400000, 1, '0000-00-00 00:00:00', '0000-00-00 00:00:00'),
(14, 800000, 1, '0000-00-00 00:00:00', '0000-00-00 00:00:00'),
(15, 1600000, 1, '0000-00-00 00:00:00', '0000-00-00 00:00:00'),
(16, 3200000, 1, '0000-00-00 00:00:00', '0000-00-00 00:00:00'),
(17, 6400000, 1, '0000-00-00 00:00:00', '0000-00-00 00:00:00'),
(18, 12800000, 1, '0000-00-00 00:00:00', '0000-00-00 00:00:00'),
(19, 25600000, 1, '0000-00-00 00:00:00', '0000-00-00 00:00:00'),
(20, 51200000, 1, '0000-00-00 00:00:00', '0000-00-00 00:00:00'),
(21, 102400000, 1, '0000-00-00 00:00:00', '0000-00-00 00:00:00'),
(22, 204800000, 1, '0000-00-00 00:00:00', '0000-00-00 00:00:00'),
(23, 204800000, 1, '0000-00-00 00:00:00', '0000-00-00 00:00:00'),
(24, 204800000, 1, '0000-00-00 00:00:00', '0000-00-00 00:00:00'),
(25, 204800000, 1, '0000-00-00 00:00:00', '0000-00-00 00:00:00'),
(26, 204800000, 1, '0000-00-00 00:00:00', '0000-00-00 00:00:00'),
(27, 204800000, 1, '0000-00-00 00:00:00', '0000-00-00 00:00:00'),
(28, 204800000, 1, '0000-00-00 00:00:00', '0000-00-00 00:00:00'),
(29, 204800000, 1, '0000-00-00 00:00:00', '0000-00-00 00:00:00'),
(30, 204800000, 1, '0000-00-00 00:00:00', '0000-00-00 00:00:00');

--
-- Updating data of table mob_templates
--
UPDATE mob_templates SET maxLevel = 3, minDmg = 1, maxDmg = 2, attackSpeed = 3, dmgType = 'pierce', autoAttack = 2, attackDistance = 15, ability0 = 17, abilityStatReq0 = 'health', abilityStatPercent0 = 20, ability1 = 14, abilityStatReq1 = '~ none ~', ability2 = 2, abilityStatReq2 = 'health', abilityStatPercent2 = 60 WHERE id = 1;
UPDATE mob_templates SET dmgType = 'crush' WHERE id = 2;

--
-- Inserting data into table mob_templates
--
INSERT INTO mob_templates(id, category, name, subTitle, mobType, display1, display2, display3, display4, scale, hitbox, baseAnimationState, faction, attackable, minLevel, maxLevel, species, subSpecies, skinningLootTable, skinningLevelReq, questCategory, specialUse, speed_walk, speed_run, minDmg, maxDmg, attackSpeed, dmgType, primaryWeapon, secondaryWeapon, autoAttack, attackDistance, ability0, abilityStatReq0, abilityStatPercent0, ability1, abilityStatReq1, abilityStatPercent1, ability2, abilityStatReq2, abilityStatPercent2, isactive, creationtimestamp, updatetimestamp) VALUES
(3, 0, 'Corpse Template', '', 0, 'Assets/Resources/Horse.prefab', '', '', '', 1, 1, 1, -1, 1, 1, 1, '~ none ~', '', -1, 0, '', '', 0, 0, 1, 1, 1.7, '', -1, -1, -1, 0, -1, NULL, 0, -1, NULL, 0, -1, NULL, 0, 1, '0000-00-00 00:00:00', '0000-00-00 00:00:00'),
(4, 0, 'Test NPC', '', 0, 'Assets/Resources/Example NPC.prefab', '', '', '', 1, 1, 1, 4, 1, 1, 1, 'Humanoid', '', -1, 0, '', '', 0, 0, 1, 1, 1.7, 'crush', -1, -1, -1, 0, -1, NULL, 0, -1, NULL, 0, -1, NULL, 0, 1, '0000-00-00 00:00:00', '0000-00-00 00:00:00');

--
-- Inserting data into table quests
--
INSERT INTO quests(id, category, name, faction, chain, level, zone, numGrades, repeatable, description, objectiveText, progressText, deliveryItem1, deliveryItem2, deliveryItem3, questPrereq, questStartedReq, completionText, experience, item1, item1count, item2, item2count, item3, item3count, item4, item4count, chooseItem1, chooseItem1count, chooseItem2, chooseItem2count, chooseItem3, chooseItem3count, chooseItem4, chooseItem4count, currency1, currency1count, currency2, currency2count, rep1, rep1gain, rep2, rep2gain, isactive, creationtimestamp, updatetimestamp) VALUES
(1, 1, 'Example Quest', 0, '', 1, '', 1, 1, 'This is example quest description.', 'This is example quest objective text.', 'This is example quest progress text.', -1, -1, -1, -1, -1, 'This is example quest completion text.', 123, 4, 1, 1, 0, -1, 0, -1, 0, 501184, 1, 1, 1, -1, 0, -1, 0, 1, 1, -1, 0, -1, 0, -1, 0, 1, '0000-00-00 00:00:00', '0000-00-00 00:00:00');

--
-- Inserting data into table quest_objectives
--
INSERT INTO quest_objectives(id, questID, primaryObjective, objectiveType, target, targetCount, targetText, isactive, creationtimestamp, updatetimestamp, targets) VALUES
(1, 1, 1, 'item', 1, 1, 'Obtain Pinka Star', 1, '0000-00-00 00:00:00', '0000-00-00 00:00:00', '');

--
-- Inserting data into table region
--
INSERT INTO region(id, name, instance, locX, locY, locZ, regionType, actionID, actionData1, actionData2, actionData3, isactive, creationtimetamp, updatetimestamp) VALUES
(2, 'WaterRegion', 29, -146.4, -74, -47.6, 'ApplyEffect', 5, '-129', '0', '15', 1, NULL, NULL);

--
-- Inserting data into table region_shape
--
INSERT INTO region_shape(id, regionID, locX, locY, locZ, shape, size1, size2, size3, loc2X, loc2Y, loc2Z, orientX, orientY, orientZ, orientW, isactive, creationtimetamp, updatetimestamp) VALUES
(8, 2, -146.4, -74, -47.6, 'box', 50, 50, 50, 0, 0, 0, 0, 0, 0, 1, 1, NULL, NULL),
(232, 9, -146.4, -63.2, -47.6, 'box', 100, 50, 100, 0, 0, 0, 0, 0, 0, 1, 1, NULL, NULL);

--
-- Inserting data into table resource_drop
--
INSERT INTO resource_drop(id, resource_template, item, min, max, chance, isactive, creationtimestamp, updatetimestamp) VALUES
(20238, 1, 2, 1, 1, 100, 1, '0000-00-00 00:00:00', '0000-00-00 00:00:00');

--
-- Updating data of table resource_node_template
--
UPDATE resource_node_template SET skill = -1 WHERE id = 1;

--
-- Inserting data into table skill_ability_gain
--
INSERT INTO skill_ability_gain(id, skillID, skillLevelReq, abilityID, automaticallyLearn, isactive, creationtimestamp, updatetimestamp) VALUES
(61, 1, 0, 90187, 1, 1, '0000-00-00 00:00:00', '0000-00-00 00:00:00');

--
-- Updating data of table spawn_data
--
UPDATE spawn_data SET respawnTime = 10000, roamRadius = 5 WHERE id = 1;

--
-- Inserting data into table spawn_data
--
INSERT INTO spawn_data(id, category, name, mobTemplate, markerName, locX, locY, locZ, orientX, orientY, orientZ, orientW, instance, numSpawns, spawnRadius, respawnTime, corpseDespawnTime, spawnActiveStartHour, spawnActiveEndHour, alternateSpawnMobTemplate, combat, roamRadius, startsQuests, endsQuests, startsDialogues, otherActions, baseAction, weaponSheathed, merchantTable, patrolPath, questOpenLootTable, isChest, pickupItem, isactive, creationtimestamp, updatetimestamp) VALUES
(2, 1, 'spawn', 2, '', -144.16, -35, 22.47, 0, 0.3489, 0, 0.9372, 29, 1, 0, 60000, 50000, -1, -1, -1, 1, 5, '1,', '1,', '', '', '', 0, -1, -1, -1, 0, -1, 1, '0000-00-00 00:00:00', '0000-00-00 00:00:00'),
(3, 1, 'spawn', 1, '', -105.95, -33, 2.97, 0, 0.9006, 0, -0.4347, 29, 1, 0, 60000, 50000, -1, -1, -1, 1, 0, '', '', '', '', '', 0, 1, -1, -1, 0, -1, 1, '0000-00-00 00:00:00', '0000-00-00 00:00:00'),
(4, 1, 'spawn', 1, '', -101.93, -33, -1.12, 0, 0.9242, 0, -0.3819, 29, 1, 0, 60000, 50000, -1, -1, -1, 1, 0, '1,', '1,', '', '', '', 0, -1, -1, -1, 0, -1, 1, '0000-00-00 00:00:00', '0000-00-00 00:00:00'),
(5, 1, 'spawn', 1, '', -108.72, -33, 8.11, 0, 0.8889, 0, -0.4581, 29, 1, 0, 60000, 50000, -1, -1, -1, 1, 0, '', '', '', 'Bank,', '', 0, -1, -1, -1, 0, -1, 1, '0000-00-00 00:00:00', '0000-00-00 00:00:00');

--
-- Updating data of table stat
--
UPDATE stat SET stat_function = '~ none ~', sharedWithGroup = 1 WHERE name = 'mana';
UPDATE stat SET sharedWithGroup = 1 WHERE name = 'mana-max';

--
-- Inserting data into table stat
--
INSERT INTO stat(name, type, stat_function, mob_base, mob_level_increase, mob_level_percent_increase, min, maxstat, canExceedMax, sharedWithGroup, shiftTarget, shiftValue, shiftReverseValue, shiftInterval, isShiftPercent, onMaxHit, onMinHit, shiftReq1, shiftReq1State, shiftReq1SetReverse, shiftReq2, shiftReq2State, shiftReq2SetReverse, shiftReq3, shiftReq3State, shiftReq3SetReverse, startPercent, deathResetPercent, releaseResetPercent, isactive, creationtimestamp, updatetimestamp) VALUES
('critic', 0, '~ none ~', 25, 2, 0, 0, '', 0, 0, 2, 0, 0, 2, 1, '', '', '', 0, 0, '', 0, 0, '', 0, 0, 50, -1, -1, 1, '0000-00-00 00:00:00', '0000-00-00 00:00:00'),
('evasion', 0, '~ none ~', 10, 1, 0, 0, '', 0, 0, 2, 0, 0, 2, 1, '', '', '', 0, 0, '', 0, 0, '', 0, 0, 50, -1, -1, 1, '0000-00-00 00:00:00', '0000-00-00 00:00:00'),
('magical_critic', 0, 'Magical Critic', 0, 0, 0, 0, 'physical_critic', 0, 0, 2, 0, 0, 2, 1, '', '', '', 0, 0, '', 0, 0, '', 0, 0, 50, -1, -1, 1, '0000-00-00 00:00:00', '0000-00-00 00:00:00'),
('magical_evasion', 0, 'Magical Evasion', 0, 0, 0, 0, 'magical_evasion', 0, 0, 2, 0, 0, 2, 1, '', '', '', 0, 0, '', 0, 0, '', 0, 0, 50, -1, -1, 1, '0000-00-00 00:00:00', '0000-00-00 00:00:00'),
('magical_resistance', 1, '~ none ~', 200, 6, 0, 0, 'physical_critic', 0, 0, 2, 0, 0, 2, 1, '', '', '', 0, 0, '', 0, 0, '', 0, 0, 50, -1, -1, 1, '0000-00-00 00:00:00', '0000-00-00 00:00:00'),
('parry', 0, 'Parry', 10, 0, 0, 0, 'parry', 0, 0, 2, 0, 0, 2, 1, '', '', '', 0, 0, '', 0, 0, '', 0, 0, 50, -1, -1, 1, '0000-00-00 00:00:00', '0000-00-00 00:00:00'),
('physical_critic', 0, 'Physical Critic', 0, 0, 0, 0, 'physical_critic', 0, 0, 2, 0, 0, 2, 1, '', '', '', 0, 0, '', 0, 0, '', 0, 0, 50, -1, -1, 1, '0000-00-00 00:00:00', '0000-00-00 00:00:00'),
('physical_defense', 0, '~ none ~', 260, 4, 0, 0, 'physical_critic', 0, 0, 2, 0, 0, 2, 1, '', '', '', 0, 0, '', 0, 0, '', 0, 0, 50, -1, -1, 1, '0000-00-00 00:00:00', '0000-00-00 00:00:00'),
('physical_evasion', 0, 'Physical Evasion', 10, 0, 0, 0, 'magical_evasion', 0, 0, 2, 0, 0, 2, 1, '', '', '', 0, 0, '', 0, 0, '', 0, 0, 50, -1, -1, 1, '0000-00-00 00:00:00', '0000-00-00 00:00:00');

--
-- Inserting data into table stat_link
--
INSERT INTO stat_link(id, stat, statTo, changePerPoint, isactive) VALUES
(3, 'testowa', 'attack_speed', 1, 1),
(4, 'physical_defense', 'pierce_resistance', 1, 1),
(5, 'physical_defense', 'slash_resistance', 1, 1),
(6, 'evasion', 'physical_evasion', 1, 1),
(7, 'evasion', 'magical_evasion', 1, 1),
(8, 'critic', 'magical_critic', 1, 1),
(9, 'critic', 'physical_critic', 1, 1);

--
-- Inserting data into table task
--
INSERT INTO task(id, name, isactive, creationtimestamp, updatetimestamp) VALUES
(1, 'Task 1', 0, NULL, NULL);
--
-- -- Enable foreign keys
--
/*!40014 SET FOREIGN_KEY_CHECKS=@OLD_FOREIGN_KEY_CHECKS */;

--
-- Enabling DML triggers for 
--
DELIMITER ;;

--
-- Enabling DML triggers for item_templates
--
CREATE 
	DEFINER = 'root'@'localhost'
TRIGGER updatetimestamp
	BEFORE UPDATE
	ON item_templates
	FOR EACH ROW
BEGIN
SET NEW.updatetimestamp = CURRENT_TIMESTAMP();
END
;;

--
-- Enabling DML triggers for 
--
DELIMITER ;